EPSPs recorded with voltage sensitive dye JPW1114 from the CA1 field of rat hippocampal slice,,,,,,,,,,,,,,,,,,,,,,
,,LM input,,,,,,,,,,,OR input,,,,,,,,,
,time,"location2,7","3,7","4,7","5,7","6,7","8,7","9,7","10,7","11,7","12,7",,"location2,7","3,7","4,7","5,7","6,7","8,7","9,7","10,7","11,7","12,7"

1,0.25,0.001908534,0.009306368,0.000231948,-0.003031989,0.000328715,0.010406653,0.004462439,-0.003790822,0.00634687,0.014879676,,0.006692255,0.005207193,0.003743399,0.002003853,0.001496047,-0.005048256,0.006563429,0.008906198,0.00529313,0.011030701
2,0.5,0.012002146,0.002927945,0.004628309,-0.001171422,0.00690776,-0.003018883,0.00709296,0.01040913,0.005559423,0.013009222,,0.003119623,0.006662081,0.002656027,0.013730772,0.007605489,0.004314169,-0.000693322,-0.004078362,0.00101422,0.007859731
3,0.75,0.011960589,0.00116634,0.005340212,0.000247362,0.005321851,0.004427765,0.006319176,0.001617464,0.007913262,0.004766627,,0.006624337,-0.001975,0.002583323,0.00242315,-0.001587757,-0.000893574,-0.00401857,-0.004719618,0.003343146,0.011582932
4,1,-0.002026703,0.009576744,0.008908731,0.006656659,0.000489865,0.008155736,0.006224843,-0.006513364,0.002998851,0.001803698,,-0.007099606,0.000600013,0.000355603,-0.000492537,-0.003861656,0.002982613,-0.001129883,0.000648654,0.004117398,0.001096489
5,1.25,0.006886543,-0.001297233,-0.001877615,0.0029121,0.001303346,0.009951456,0.004483312,-0.010490582,0.009080276,0.002595779,,0.002718286,0.001818319,-0.005341236,-1.17354E-05,0.00380662,0.001590819,-0.005655586,0.001608546,0.003985574,0.007622123
6,1.5,0.003622113,0.013147826,0.002464873,0.004167326,-0.002050788,0.006895874,0.007796109,0.000165099,-0.00220281,0.003943304,,-0.004962929,0.006666124,0.004971535,-0.007368303,0.003925056,-0.002461246,-0.005360232,-0.000473337,0.010897767,0.004875505
7,1.75,0.000596214,-0.00383846,0.002452129,0.001881318,0.008632147,0.001563733,0.005238302,-0.000122256,-0.000572311,0.001482099,,0.006073638,0.002490711,0.012465446,0.002501403,0.003208998,-0.00500118,-0.007219039,0.005922613,0.007181111,0.013824023
8,2,0.007428161,-0.000751215,-0.000184418,0.003890644,1.74038E-06,-0.002537817,0.005147431,0.006797594,-0.004736237,0.002053828,,-0.005615552,0.000306254,0.002029066,0.000704327,0.004858435,0.00030443,-0.001309339,-0.003656463,-0.002397939,0.007983069
9,2.25,-0.000642954,0.00399652,0.00613812,-0.00262351,0.00427991,0.001952556,0.003598029,0.000438495,-0.010150678,-0.003023974,,-0.004179464,0.00010092,0.004006022,0.008768233,-0.004442858,-0.006036399,-0.000709659,-0.000384126,0.004346393,0.002207132
10,2.5,0.00839013,0.00116988,0.008516495,0.001096821,0.005078247,0.003190049,0.011475043,0.000212669,0.002473292,-0.001792256,,0.000918886,-0.000396991,-0.000541518,0.001913893,-0.00604928,-0.003326248,0.002241396,0.00420226,-0.001550183,0.006905407
11,2.75,0.00753579,0.001756254,0.004140848,0.006446005,0.005903873,-2.83676E-05,0.002168778,0.00240855,-0.000424091,-0.003376898,,-0.003576648,-0.004970173,0.004023383,-0.000686285,-0.013654471,-0.005555662,-0.011618697,-0.002041803,-0.001977212,-0.003519349
12,3,0.007462094,-0.004096441,0.00175316,0.012624704,0.006496623,-0.000801099,0.001562592,0.001266408,-0.005323836,-0.006182576,,0.011010851,-0.006127276,0.005221181,0.001414703,-0.005817979,0.000102417,-0.006930777,-0.004509505,0.001510764,-8.07386E-05
13,3.25,0.002043463,-0.00342873,0.000910779,-0.001387042,0.001982617,0.000957084,0.004234715,0.002942536,-0.004585154,0.003297148,,0.002352217,0.002766705,0.00136284,0.002504711,0.002424345,0.004337671,-0.001430457,0.006381707,0.003640802,0.002632724
14,3.5,0.000970221,0.003712675,0.003655271,0.002311671,-0.001071682,0.000742424,0.002522362,0.00403213,-0.001054747,0.004293433,,0.001365505,0.002488115,0.004272106,-0.006947038,0.000817647,0.005160565,0.010600344,0.005471855,0.001518672,-0.004344695
15,3.75,-0.004152645,0.005935878,0.003687447,0.002532172,0.0015624,0.003002131,0.009242186,-0.000729313,-0.006220006,0.008052282,,-0.000566052,-0.000864893,-0.000949782,0.004881405,-0.00179443,-0.000977757,-0.002783529,0.00346711,0.006020212,0.000226869
16,4,-0.001827725,0.000582995,0.004784622,-0.003781115,0.000210113,0.003970271,-0.001409365,0.001743082,-0.015704652,0.005565172,,0.002006975,0.000956372,0.004529968,-0.000294165,-0.000635172,-0.006101395,-0.001025407,0.002552304,9.06902E-05,0.000311092
17,4.25,-0.006572609,0.00377976,0.011395905,-0.002673781,0.00132226,-0.001621305,0.004780964,-0.001622829,-0.002380264,0.007007163,,-0.001956805,0.003850136,0.000854966,-0.001487242,0.001043873,-0.000756032,0.003323508,-0.005310623,0.000314908,-0.002758227
18,4.5,0.001047117,0.007656114,0.0117317,-0.00016824,0.003485263,0.011681398,0.006160544,0.003532942,0.000186713,0.0047899,,-0.000627608,-0.004728286,-0.004964438,0.004109164,0.000364492,0.002385935,0.004044558,-0.010744861,-0.003430505,-0.00083287
19,4.75,-0.00088648,0.001677747,0.007255214,-0.003263052,0.006290652,0.001515349,-0.002308987,-0.003055653,-0.000633094,-0.000550343,,-0.001359594,-0.010550327,0.006882231,-0.001135417,0.016668725,0.002143946,0.009596483,0.000499423,-0.009805467,-0.002323069
20,5,0.004386744,-0.000793952,-0.003612751,0.002859493,-0.0010487,0.000335342,-0.008329836,-0.002760555,-0.000957619,0.002088082,,0.003102209,-0.006380232,0.001846333,-0.004861407,-0.004572087,0.000803616,0.014049331,-0.002296072,-0.007023558,0.001366092
21,5.25,-0.004130508,0.007031802,-0.002460623,-0.002873248,0.007094056,0.006164326,0.008953494,-3.5087E-05,0.009297718,0.002373328,,0.002531408,-0.001371075,-0.004965546,0.009033332,0.00233303,0.002464232,0.004709711,-0.003993477,-0.000446188,-0.003709795
22,5.5,-0.00505385,0.004526751,0.003991561,0.00213728,0.000471815,0.005469705,0.004214615,0.010357392,0.006835803,0.001755335,,-0.002617745,-0.005210914,0.00721518,0.003944248,0.007274135,-0.000911768,0.002048045,0.001204816,0.000883154,-0.006086724
23,5.75,0.002576974,0.002291109,0.005043112,-0.005350771,0.003505844,-0.000105275,-0.004129363,0.003723973,0.0058086,-0.00708812,,-0.002065932,0.008227434,0.003860192,0.004591318,0.00234647,0.007373655,-0.000696288,-0.004871733,-0.001404386,0.005131887
24,6,-0.005051697,0.004311655,0.005367356,-0.001871808,0.001246824,-0.003088146,-0.002523359,0.000570466,0.010842145,-0.003481355,,-0.003749318,0.011007841,-0.001312864,0.004582857,0.00701988,0.004421288,-0.008554191,-0.009227802,-0.004096518,0.009330529
25,6.25,-0.000786954,0.00406953,0.002235985,0.000312192,0.001868357,0.002271671,-0.007095443,-0.007235652,0.008491122,-0.004792928,,-0.006241359,0.007726873,0.000215499,0.008834464,-0.000289621,0.011070962,-0.001485759,-0.001501263,-0.003045673,0.011135819
26,6.5,0.005847889,0.00736013,6.21375E-05,-0.00231296,0.00387207,0.009259705,-0.004485555,0.001063903,-0.006624832,-0.003900109,,-0.004144439,0.004297066,0.006497831,0.004000177,-0.006659991,0.000968178,-0.00604222,0.007397585,-0.001596676,0.012778874
27,6.75,0.008507958,-0.00440293,0.001176114,-0.002618692,0.010669108,0.005082682,-0.007032357,0.003203879,-0.002264154,-0.008594845,,-0.002639406,0.002118506,-0.000475082,0.004122079,0.005978435,-0.003886538,0.003654023,-0.000242963,-0.006266562,0.001917541
28,7,0.00736978,-0.005310488,0.001093896,0.000507843,0.003638196,0.001855205,-0.007864276,-0.003714691,0.00961535,-0.00753849,,0.000512569,0.000338877,0.008121622,-0.000698973,-0.003079842,0.004583768,-0.004498409,-0.002975916,-0.009072258,0.000108842
29,7.25,0.006776695,-0.003215665,-0.000885448,0.003176993,0.003879267,-0.000932631,-0.00899945,0.001254481,0.001747449,0.000151524,,-0.000882647,0.000900981,6.36054E-05,-0.003812535,-0.002065505,-0.001191318,-0.002051796,-0.005760173,-0.005763803,-0.005813579
30,7.5,0.001585106,-0.00424817,-0.000703896,0.000717196,-0.004985792,-0.001241962,-0.00837203,0.002632406,-0.002459893,0.000457225,,0.004141513,0.004609009,-0.00419081,0.00043306,0.004930241,0.002710971,0.001341801,0.001907406,-0.004787317,-0.001370027
31,7.75,0.00515305,0.003793799,-0.000842222,-0.006527114,-0.0007618,-0.000653967,0.008007374,-0.006044105,-0.005181445,-0.003342803,,-0.002476721,-0.00054536,0.000364641,-0.009573839,-0.003263031,0.006259802,0.004958373,0.001909872,0.001545429,-0.003253408
32,8,-0.000563189,0.004751545,-0.000598896,0.005389525,0.007184339,0.00193696,0.003619735,0.000200265,0.002838458,-0.005199788,,0.000701567,-0.001005352,0.001788723,-0.002982849,-0.00411674,0.001549126,0.00277035,-0.001528701,0.000504993,-0.002919402
33,8.25,0.005220014,-0.006488409,0.003952257,0.00532665,0.001753551,-0.002560518,-0.003113104,-0.002800693,0.005795219,0.002281572,,0.000230115,-0.000609924,-0.002903094,-0.003068514,-0.005927575,0.0033008,0.003992611,0.000773546,0.004183659,0.00374001
34,8.5,0.00114902,0.002513563,-0.005020889,0.003799925,0.000790953,-0.004251989,-0.005388168,-9.79449E-05,0.008884448,-0.003238787,,0.000185675,0.001300863,-0.002368304,-0.004826544,0.00059719,0.003674761,-0.006370644,-0.007057342,0.010038625,0.001653133
35,8.75,-0.002917225,-0.008105118,-0.001432513,-0.003250747,-0.004157049,-0.006882649,-0.005531728,-0.002635541,0.004583551,0.006648179,,0.004239427,-0.000946916,-0.003645304,-0.003040482,-0.000988772,-0.005184056,-0.000771056,0.003028346,0.009364418,-0.001238895
36,9,0.000339713,0.003138515,0.00189148,-0.000170382,0.002204556,-0.004145854,-0.006943419,0.009700726,-0.002125257,0.006262838,,0.005062512,-0.004036719,0.002752384,0.00787188,-0.000259257,-0.003973675,-0.004971574,-0.000211104,0.004968953,0.00294606
37,9.25,0.007454357,-0.000347389,0.001057683,-0.01117979,-0.002858851,0.000396148,-0.001543275,-0.001966585,-0.002644871,0.00457525,,-0.006009438,-0.004306051,0.002181506,-0.001071097,0.004837408,-0.007936934,0.000301101,0.000702218,0.003468375,0.004762236
38,9.5,0.009979515,-0.004926518,0.003539989,-0.002242597,-0.008276453,-0.004141322,-0.005005208,0.008843048,0.005259565,0.002596255,,-0.00301709,-0.001700877,0.003216612,0.004103814,-0.002978976,0.002489644,-0.002356527,-0.004150318,0.002334853,0.004560224
39,9.75,0.000654835,0.000355246,0.011167318,-0.007094185,-0.002308748,0.00314999,-0.018516185,0.007544792,0.00898532,0.002506379,,-0.008241366,0.007265345,-0.001634158,-0.006035434,-0.011988753,0.002738372,0.002190278,0.004337986,0.004517815,-0.004402216
40,10,0.006794503,0.005558069,0.0031216,0.002604299,-0.003024171,0.005364691,-0.006451557,0.006185602,0.004859334,-4.12387E-05,,-0.006041328,-0.000794634,0.003684063,0.002843337,-0.002221443,0.002107117,-0.000383583,0.005585837,0.007309028,-0.006960902
41,10.25,0.002762543,-0.004049291,0.00082276,-0.007528314,4.25174E-05,0.001854919,-0.006069472,-0.001101233,-0.001172127,0.006360412,,0.003838927,0.00264926,0.003679004,0.001001998,0.005042664,0.001003214,0.004601107,-0.002104987,0.001767768,0.003578296
42,10.5,0.005061754,0.006820201,-0.004732566,-0.008620047,0.001217709,0.001059479,-0.008373262,0.001357713,-0.01245675,0.006835313,,0.002536489,-0.004234768,-0.006378758,-0.004433347,-0.000945383,-0.004298129,-0.010620856,0.002865523,0.00495104,0.009781525
43,10.75,0.001728485,0.005600897,-0.005066063,-0.000641327,-0.004194938,0.00680828,0.00133983,0.016751299,-0.006298245,0.002154929,,0.000730182,0.001790695,-0.005974732,-0.000577732,-0.004297078,0.000651278,-0.008996436,0.003398769,0.0030612,-0.000938158
44,11,-0.00135398,0.006814781,-0.006089639,-0.005812849,-0.00352662,0.002319557,-0.004070298,0.015408423,0.001622539,0.00639053,,0.008411552,0.004577771,-0.009884526,0.008833091,-0.007569722,-0.009375833,0.001228102,0.008047855,-0.005235861,0.002591506
45,11.25,0.003446432,0.000481228,-0.001932992,-0.008215861,0.001104978,0.007823269,-0.005620524,0.00057664,0.007648044,0.005931192,,0.001525602,0.009154687,0.002125988,0.007176613,-0.003947708,-0.001656911,-0.005088837,0.004879021,0.008058201,-0.002622954
46,11.5,-0.001430112,-0.00079102,-0.00258947,-0.005144822,-0.00359407,0.00223306,-0.003631086,0.003500132,-0.009579879,-0.002110107,,-0.003705674,3.80685E-05,-0.002114109,0.003790699,-0.008007851,-0.001900077,-0.003482902,0.006961421,-0.007538873,-0.008995333
47,11.75,0.009743305,-0.00646363,0.00087711,0.00658896,0.002637742,0.002268356,-0.001267374,0.004255329,0.002002966,-0.003806919,,0.001194787,0.00813769,0.007573023,0.004780736,-0.003964127,0.000950524,-0.004119138,0.00284271,-0.00519505,0.001640766
48,12,0.007070448,0.001788386,-0.007877174,0.000621477,0.002719531,-0.002676586,0.001374551,0.006277752,0.006303399,0.003686133,,-0.008047111,0.011495246,-0.00163648,0.008024734,-0.006541975,-0.005312769,0.005331928,-0.003805467,0.001315661,0.003783372
49,12.25,0.000697924,-0.005899307,-0.003667103,-0.005186986,0.008993658,0.002631752,-0.007283982,0.00039932,-0.00026569,0.005980155,,0.000370127,0.002574666,-0.001015285,0.001365991,-0.000382149,-0.002734541,-0.006073538,0.000878789,-0.001411746,0.008639574
50,12.5,0.006293946,-0.009380297,0.003501742,0.005855067,0.002326434,0.002548834,-0.002592251,0.006329176,-0.000361983,-0.004830293,,-0.00473987,-0.002906237,-0.003888874,0.004159691,0.003314827,0.005148719,-0.003951967,0.003042106,-0.005914379,0.004056155
51,12.75,0.007195602,0.002518092,0.000287388,0.00261483,0.000159176,-0.001855308,-0.003657189,-0.005842753,-0.002452207,0.003481514,,0.000291192,0.001680916,0.002417179,0.003259327,-9.63418E-06,-0.009653108,0.004630039,0.000990263,-0.004931549,0.002683162
52,13,0.007919506,-0.004494801,-0.001148728,-0.006952056,-0.006392022,0.003920074,0.00828942,-0.003797864,0.000910359,-0.004709252,,-0.003976099,-0.000918067,-0.000597812,-0.010353706,-0.003626134,0.004509552,-0.005966701,-0.000434273,-0.002842961,0.004310717
53,13.25,0.000391469,-0.005602797,0.002915143,-0.006146008,-0.010767693,0.004494314,-0.002655978,-0.002869286,0.001389236,0.002201263,,0.006848917,-0.009227829,-0.003329889,-0.007480453,-0.002156788,0.000406882,0.001028002,0.003668441,-0.000874358,0.006911493
54,13.5,0.000998304,-0.002552878,-0.002050539,0.004359115,6.78557E-05,0.001478764,0.001483649,-0.005671164,-0.000609918,0.00201039,,-0.000432044,-0.001143259,-0.002737523,-0.005386226,-0.003164338,0.006475489,0.00274473,0.004466584,-0.003240743,-0.00290601
55,13.75,-0.004031872,-0.00959626,0.008653601,-0.001529626,0.00280968,-0.003986934,-0.004820183,-0.009239512,0.005837938,0.004559443,,-0.000252541,-0.004071035,-0.004747314,-0.0046318,0.001834029,0.002288339,-0.004861303,0.002693251,0.005248366,-0.001979319
56,14,-0.003113341,-0.004711378,0.007928132,-0.005622939,0.00592308,-0.00553167,0.002056309,-0.005020361,-0.003913523,7.67417E-05,,-0.003532492,0.001100306,-0.003950145,-0.003171023,0.004161322,-0.002033488,0.003303777,-0.009613588,-0.00702609,0.003285933
57,14.25,-0.000311618,-0.002363951,-0.003948113,-0.003287441,-0.000918626,-0.003062752,0.006273802,-0.005271462,0.004893614,-0.004196818,,0.010971846,-0.00425806,0.001066731,-0.008697319,0.004723278,0.007281077,-0.001030793,0.000510988,0.004921113,-0.006401638
58,14.5,8.47975E-05,0.001141612,0.005698058,0.000151184,-0.001145404,-0.008691218,0.00737101,-0.004321173,0.000824101,-0.006092763,,0.010566511,0.00785119,0.00373685,-0.004522618,-0.000504223,0.011747135,0.003612444,-0.000557504,-0.003902154,-0.007055345
59,14.75,0.009386426,0.002258023,0.00241777,-0.000884904,0.001678562,-0.001150051,0.003742381,-0.001994942,0.011129361,-0.00132856,,-0.000847273,0.005067294,-0.002416135,0.001552782,0.004846139,-0.001420183,0.006608396,-0.005012767,0.002408103,-0.002168654
60,15,-0.001829182,-0.000743273,0.002022674,0.011813675,-0.002544051,-0.000940561,0.004251524,-0.006572883,0.003109614,9.80064E-05,,0.0001709,0.00407279,-0.003709433,0.006272778,0.000369573,0.002416912,0.007157122,0.004323741,-0.002488176,-3.11475E-05
61,15.25,-0.005580812,0.006930377,-0.00731168,-0.00104321,-0.003094671,-0.00908502,-0.00161969,-0.005940328,0.006432603,0.006018248,,0.009045059,-0.002044745,-0.009449835,0.004515918,-0.007539699,0.001441127,0.008539773,0.002284073,-0.001825042,-0.013761438
62,15.5,-0.015324804,-0.00065873,-0.006963085,0.000690932,-0.009322747,-0.004767865,0.007542267,-0.005280849,0.00751467,0.003195305,,-0.000229156,-0.001447947,-0.001546419,-0.003469414,-0.002372887,-0.000763605,0.004418213,-0.010474364,0.005033047,-0.00521741
63,15.75,-0.008926442,-0.007952141,-0.007807383,0.006231768,0.000142826,-0.000955297,0.006865603,-0.003947043,0.002423309,0.00147935,,0.011944743,-0.001443629,0.002603136,0.004354219,0.004872846,-0.006947799,0.002302367,-0.008383474,0.003640621,-0.006712872
64,16,-0.002574031,-0.007143403,-0.013304863,0.000701307,-0.004013942,0.001757682,-0.001576619,-0.000171369,0.003526025,0.002505593,,0.003660015,-0.007312839,-0.00329574,-0.003174181,-0.000401512,0.002911716,-0.003059434,0.000663805,-0.001688,-0.000319259
65,16.25,-0.007977232,3.29732E-05,0.001068925,-0.003851429,-0.001606221,-0.003213622,0.001450395,0.004195983,0.000292029,-0.006115239,,-0.007019948,-0.010305262,0.002234016,-0.001023372,0.002660354,0.000866579,-0.006157893,0.005940175,0.004222604,-0.002247924
66,16.5,-0.003815101,0.004190479,-0.004779169,0.008706325,-0.00606084,0.000592613,-0.003757644,0.008620124,0.000831885,-0.000821673,,-0.002173541,-0.007258841,-0.004700478,0.001571656,0.000237312,0.008229782,-0.002190842,0.005608957,0.009290387,0.005487329
67,16.75,0.000298646,-0.005553305,-0.002491999,0.000258957,-0.002469052,-0.004500948,-0.001194256,-0.001478294,0.005195999,-0.007115394,,-0.003711722,0.005639112,-0.009618141,0.001659349,-0.004530721,0.003087148,0.013179197,-0.001243148,-0.001981412,0.003858785
68,17,-0.001191886,-0.000481058,-0.001509669,-0.00309201,0.002631228,0.000789436,-0.007699081,0.004943359,0.005141038,-0.002421119,,0.000566129,0.006469485,0.002060381,-0.001911719,-0.002649705,-0.005256743,0.010896642,0.001668049,0.007100865,0.005270914
69,17.25,0.000775378,-0.003874628,-0.009595326,-0.00141784,0.00891599,-0.006177999,0.000757431,0.003820876,0.006081338,-0.005454712,,-0.011426029,0.002974159,0.008115761,-0.000318058,0.004200642,-6.59329E-05,0.016662431,0.003172504,-0.00715452,-0.001311209
70,17.5,-0.00122415,0.004670667,-0.012085124,-0.007957829,0.003312489,-0.013651075,-0.002651076,0.001558884,-0.001616658,-0.004131547,,-0.006513723,-0.006019148,0.007448772,-0.001287196,0.000441951,0.002727773,0.007358941,-0.007244593,-0.007457669,-0.008067481
71,17.75,0.006216581,-0.00493587,-0.002654301,-0.000707223,-0.0039419,0.002904646,-0.003527319,0.000161912,0.000181661,-0.004820832,,-0.009500923,-0.003608707,0.000317205,0.002935544,0.001786293,-0.006164725,0.002054977,-0.007408816,0.002815842,-0.013509968
72,18,0.005909695,-0.003957737,-0.005173259,-0.010859659,0.008022351,0.003425088,0.001040727,0.004552639,-0.000759591,0.002220485,,-0.006354152,0.003113203,-0.003680143,0.002307553,-0.008734352,0.003945052,-0.001834664,-0.007540967,-0.000760952,-0.007843793
73,18.25,-0.009084132,0.001529937,0.004434015,-0.003395935,0.010432824,-0.003634104,-0.005688081,-0.000771493,-0.002403957,0.009365727,,0.002266429,0.001499441,-0.003988752,-0.000464595,-0.007368697,-0.001380646,0.002243709,-0.006147292,-0.001765469,-0.010396349
74,18.5,-0.006751327,0.003807896,-0.000960271,-0.005123121,0.000174725,0.000972949,0.00569196,-0.001220354,-0.000239283,0.00682518,,-0.00084469,-0.001932982,-0.004761523,-0.007627261,-0.009222551,0.003835017,0.002357531,-0.007369324,-0.00306255,-0.003068951
75,18.75,-0.011872937,-0.001440243,-0.009594065,-0.003059256,-0.006483975,0.006647574,-0.00457512,-0.004287457,-0.000143524,0.007679483,,-0.004851544,0.000496122,-0.003312546,-0.005335058,-0.001621191,-0.001986485,0.008591551,-0.004182447,0.006344073,-0.007297378
76,19,-0.004279606,-0.004556584,-0.009284429,-0.000277963,-0.007817918,-0.005514882,-0.000631462,0.003658211,0.000207951,0.004128536,,-0.011256749,-0.011676079,-0.000291589,-0.006132036,0.004951341,-0.004037691,0.003473032,-0.004333013,0.001034441,-0.009349174
77,19.25,0.003671172,0.000178198,0.001356098,0.011508849,-0.00396613,-0.007360907,-0.000990963,-0.001060795,0.002364316,0.010061499,,0.001052559,-0.002810153,0.001469019,-0.001562175,0.00883445,0.000747742,0.003753124,-0.003634414,0.004451005,-0.002654683
78,19.5,0.00051509,-0.001231275,-0.007292177,0.009192427,-0.000917246,-0.003524146,0.000357146,-0.002872662,5.56042E-05,0.004518857,,0.003192449,-0.00081255,0.009772147,0.001502901,0.007050621,-0.000134207,-0.002594204,-0.002060612,-0.002947331,-0.012883099
79,19.75,-0.006727015,-0.001982477,-0.004470199,0.006856142,-0.008303831,3.28076E-05,0.000532192,-0.008793959,0.002809351,0.002448121,,0.00010696,-0.002045436,-0.004075071,-0.002990832,0.006134199,-0.00133355,-0.000800708,0.001194619,0.004199142,0.001150401
80,20,-0.010325262,0.001424449,-0.009397764,-0.000923892,-0.00243969,-0.003455573,0.001300874,0.007069587,0.003778776,0.003290495,,0.001976771,-0.00031505,-0.008732513,-0.010043001,0.011858293,-0.001564234,-0.001215306,-0.004445932,0.009731231,-0.001711873
81,20.25,-0.005522963,0.000624747,-0.001656265,0.001913723,-0.00882445,-0.001943767,-0.008951785,-0.006578987,-0.002849078,-0.006108667,,0.000441707,0.000830692,0.000301064,-0.010178131,0.007209342,0.001353264,-0.000270908,0.002733817,-0.00147492,0.000237255
82,20.5,0.001134154,0.001317349,-0.000714135,-9.25326E-05,-0.00499575,-0.003608071,-0.001632566,0.003037916,-0.00832419,-0.007835792,,0.003553228,-9.07697E-05,0.003365455,0.003954424,0.000968011,-0.004888796,-0.005593681,-0.006376127,-0.000203425,-0.004883976
83,20.75,0.00278595,0.002554463,0.001998572,0.00194194,-0.002367452,-9.07281E-05,-0.004931134,-0.010219137,-0.002084435,-0.006334102,,0.009326408,-0.000510887,0.003499171,0.012416857,-0.008957784,-0.001108466,-0.006582894,-0.000748938,-0.00355696,-0.003052664
84,21,0.002457686,-0.005308192,0.001763508,0.004856796,-0.000717347,-0.005438555,0.001304974,-0.009177822,-0.010890823,-0.007833947,,-0.007713083,-0.001397793,-0.00459891,-0.002538396,-0.002629254,-0.003936918,-0.003180894,-0.005464839,0.005598601,-0.003732973
85,21.25,0.005177635,-0.008381006,0.007462777,0.006390351,-0.005316409,-0.003205763,-0.002098134,-0.003303606,-0.003550849,-0.001165446,,-0.011780839,-0.00595502,-0.002097704,-0.002721196,-0.002967746,-0.002441228,-0.008659822,-0.001530192,-0.003917337,-0.005444763
86,21.5,-0.000701808,-0.006357017,0.00433363,0.003032773,-0.007604329,-0.007382466,0.000951242,-0.000999627,0.000677042,-0.00682557,,-0.00873948,0.003237488,-0.002194854,-0.001400158,-0.000590844,0.007037215,-0.009237669,0.004840186,-0.004865813,0.000972356
87,21.75,0.005911578,-0.00691795,-0.005259677,0.00064883,-0.004564926,-0.00054571,-0.004140093,-0.003767765,-0.001961954,0.001213326,,0.0008285,-0.000743086,-0.006094016,0.002653281,0.003111738,-0.012325285,-0.00145302,0.002575157,-0.002888436,-0.003367366
88,22,-0.006889395,0.002269135,0.001417644,0.012341646,-0.009675269,0.002450231,0.003273735,-0.00234257,-0.006847888,0.000401992,,0.001798056,0.002439575,0.000645329,-0.001997156,0.008818431,-0.007461335,0.007769406,-0.000126832,-0.000711649,0.001293447
89,22.25,-0.00557926,0.00300045,-0.00603814,0.00410872,-0.00168381,0.003551111,0.003280427,-0.000717945,-0.004704352,0.005907185,,0.010257108,0.004879665,0.003628019,-0.000937143,0.001442997,0.000287225,0.003622631,0.006214018,-0.010214496,-0.001850156
90,22.5,-0.008993464,0.006734557,-0.006239944,0.001321373,-7.61817E-05,0.001887246,0.008456368,0.004694997,-0.00899027,-0.00746579,,0.004744134,-0.004382515,0.004184362,0.003118536,-0.002599399,-0.004277668,-0.003838803,0.008363157,-0.004815713,0.003699962
91,22.75,-0.002140722,-0.000821,0.00568474,-0.006886625,-0.003877979,-0.001754574,0.005116964,0.004133512,-0.003043577,0.000284862,,0.003022822,-0.000523333,-0.005330939,-0.000177989,-0.006452024,0.000518878,-0.001725362,0.014977493,0.004359456,0.004538979
92,23,-0.006315155,-0.000410608,0.002201171,-0.005383441,-0.001737207,-0.004129498,0.000136182,0.001802085,-0.01356636,-0.01302438,,0.000719018,-0.009574726,0.002066144,-0.005307497,0.003829003,-0.002119055,-0.006986919,0.00170876,-0.005939322,-3.80863E-05
93,23.25,-0.01183165,0.000509284,-0.003206325,1.0392E-05,-0.005286471,-0.004054174,-0.006453862,-0.004443978,-0.001259213,-0.005395514,,0.003544335,-0.00321102,-0.001104083,-0.006301292,0.006708117,-0.010720075,-0.000113554,0.003141831,-0.000439814,0.001967369
94,23.5,-0.009049073,-0.002190635,0.000943881,-0.001424761,0.008518971,-0.009432364,0.005858745,-0.000736592,-0.00571011,-0.006256341,,0.00852176,1.77537E-05,0.001544836,-0.001018703,0.005617355,-0.005150913,-0.000363963,-0.001106497,-0.001672381,-0.00798045
95,23.75,-0.007273796,0.003057244,-0.007321189,-0.00015574,0.005294019,-0.009071027,0.006757213,-0.007249867,0.006375817,-0.000821367,,0.003472846,-0.007619115,-0.009520865,-0.004993794,-6.97038E-05,0.001255603,-0.002548458,0.002771737,0.001977356,0.001791698
96,24,-0.003422943,-0.000378273,-0.004181906,-0.003414418,0.001218844,0.00213127,0.002075197,-0.00458156,-0.011493487,-0.007787881,,-0.000405111,0.002781734,-0.000154671,0.00651291,-0.003073722,0.008475087,0.007055871,0.005419368,-0.001108485,-0.002366682
97,24.25,-0.00331734,-0.005278782,-0.000620652,-0.006260936,-0.007066818,0.005124148,-0.001292122,-0.001798466,-0.006989946,-0.009353319,,0.00209377,0.001017836,-0.004042937,0.001855462,-0.004487059,0.004129577,-0.001266209,0.001951898,-0.000948608,-0.000939627
98,24.5,-0.009980028,-0.003971081,0.011442505,-0.004174846,-0.006896496,0.00291196,0.001762859,-0.000344621,-0.011596285,-0.009007716,,0.001195758,0.001970986,-0.000718275,0.003243207,0.00282992,0.003703408,0.001514666,-0.000240066,-0.007700068,-0.003309685
99,24.75,-0.015741874,0.00414874,-0.002460531,0.00547199,0.001635491,-0.001337789,0.004236807,0.000132341,-0.002359453,-0.008929176,,-0.001464305,-0.004514904,0.004867823,-0.005974964,0.004769975,-0.001197739,0.000511438,0.002997982,-0.002738499,0.000391289
100,25,-0.004186923,0.001182674,-0.001832917,0.008880565,0.006999518,-0.002575536,0.006258489,-0.000679789,-0.003221804,-0.006300816,,-0.00078802,0.001573222,-0.00150355,-0.005602496,0.003479618,0.005620001,-0.011002269,-0.002979295,-0.008819158,0.006520417
101,25.25,-0.003532438,-0.001819007,0.00354506,0.012447847,-5.42712E-05,-0.006939603,0.000936539,-0.003983708,-0.000641701,-0.001326429,,-0.005003261,0.004925762,-0.011100411,0.002363732,0.001412005,-0.001181073,0.003679397,0.011428716,-4.01433E-05,-0.008102837
102,25.5,0.000125737,-0.00409019,-0.004559415,0.011150563,0.002160024,-0.007012511,0.004590437,-0.008620913,-0.00514129,0.003659332,,-0.003527378,-0.001027943,-0.006184243,-0.005519416,0.000502771,-0.00190327,0.00470067,-0.000900181,-0.002097673,-0.003727937
103,25.75,0.003812616,-0.011043528,-0.00764592,0.00453417,0.010697867,-0.00947521,0.004918498,-0.002501656,-0.002316995,-0.008227983,,0.000814928,0.00919814,-0.000270551,-0.006818863,0.000680313,0.002187631,-0.003970222,0.003158351,0.002579673,-0.005076466
104,26,-0.005796592,-0.009659251,-0.003572856,-0.001486967,-0.003096635,-0.004200629,-0.006150695,-0.006236698,-0.010054711,-0.001676819,,-0.004348003,0.010295464,-0.000396558,-0.000702338,-0.000951111,0.009729774,-0.000496885,0.00128536,-0.003195222,-0.000118908
105,26.25,-0.00140267,-0.011351894,-0.001389099,-0.004671101,0.00283922,-0.01228509,0.003150181,0.009227769,-0.001287683,-0.010112699,,-0.006926085,0.002156214,0.000687722,-0.002022523,-0.005666901,0.00092722,0.001502565,-0.000530504,0.002945001,-0.010563487
106,26.5,-0.00144505,0.002364055,0.001728553,-0.007334913,0.000261714,-0.004011387,-0.005372202,-0.004814716,-0.001468483,0.00230755,,-0.003086489,0.001088065,-0.000968185,-0.008004694,-0.001456374,-0.005225273,-0.002757834,-0.005659902,-0.000809987,-0.012301266
107,26.75,0.002647954,-0.009178323,-0.005172871,0.006273531,0.000205554,-0.006384742,-0.000577648,0.005510737,0.002630522,-0.003622452,,-0.005682801,-0.007208152,-0.000747544,-0.009091296,0.004152691,0.008965006,-0.003478749,-0.002562528,-0.005457248,-0.007614154
108,27,-0.005835065,-0.001102764,-0.001150106,0.001651868,-0.002428161,-0.007479455,0.004128135,0.000381653,0.000408727,-0.003419993,,0.014901056,-0.004089121,-0.003927988,-0.00639389,-0.003811825,-0.000420148,0.002156063,-0.010833334,-0.005163103,-0.005242741
109,27.25,-0.001731522,-0.00176171,0.002424612,-0.00519481,0.004298591,-0.012101856,0.006587252,0.011911985,-0.003196051,-0.003158609,,0.00641214,0.007393468,-0.009717274,-0.007573121,-0.003379669,0.005777931,0.007650615,-0.005648268,0.001747916,-0.002522405
110,27.5,0.009482331,0.003055921,-0.00544967,0.001260345,0.001059818,0.001599041,0.006193559,0.004639251,-0.001112784,9.38415E-06,,-0.007329948,-0.002610841,0.002825352,-0.002514566,0.002495654,0.006108655,0.002580714,4.60194E-05,-0.010600272,0.000321276
111,27.75,0.012911769,0.003575034,0.002337773,-0.001081418,0.004628329,-0.003067707,0.003882446,0.005041655,-0.000919499,-0.001788156,,0.002049324,-0.004810654,0.000730406,0.000846145,0.005174853,0.00265532,0.008160825,-0.004430135,-0.000773124,-0.001732321
112,28,0.011052145,0.010458152,0.015494896,0.008437972,0.009134041,0.003223129,-0.002822378,0.000879948,0.005293513,0.001728874,,-0.005645357,0.002292887,0.001616012,0.002101913,-7.42137E-05,0.002172069,0.002043528,0.006758955,0.00458949,0.004252468
113,28.25,0.017446658,0.018514715,0.015876521,0.014292035,0.01051972,0.010907056,0.004290429,0.001627426,0.00231,0.001418896,,-0.004560608,-0.00770302,0.005238275,-0.009061256,-0.001916079,0.008672978,-0.005260654,0.012762924,0.009609311,0.002814458
114,28.5,0.029332309,0.026461809,0.024752671,0.02167929,0.015500808,0.00294786,0.006271625,0.004414029,0.000828868,-0.001525088,,-0.000784317,-0.006742665,0.002141688,-0.005505985,-0.008201741,0.011289669,0.003477027,0.011695382,0.012605418,0.013743767
115,28.75,0.035775508,0.0381215,0.027877442,0.023106812,0.015707119,-0.00124814,0.007209199,-0.002189027,-0.006435428,0.00277579,,0.004894509,-0.003304102,0.003923867,-0.005210023,0.001268063,0.01240192,0.011332398,0.010121569,0.012837168,0.023031325
116,29,0.031425709,0.047148881,0.042705648,0.026425371,0.023300903,-0.002422997,0.012749857,0.004881936,0.001293383,0.001236567,,0.004215765,-0.006285187,-0.001011864,-0.001469344,-0.002383575,0.013900472,0.011083614,0.015214133,0.021579342,0.019345334
117,29.25,0.054848101,0.051091874,0.054709489,0.033870289,0.027315967,0.005745996,0.019547099,-0.001823546,0.014454838,0.004891166,,0.004592323,-0.001889554,-0.00415267,0.001202869,0.002054074,0.010982611,0.013566211,0.019056187,0.038121609,0.033837168
118,29.5,0.056691677,0.054936102,0.058792018,0.037794274,0.028640817,0.009839009,0.01744263,0.008014881,0.013674618,0.006373707,,-0.003886533,0.004880748,0.004191555,0.00794103,-0.001150731,0.010670274,0.010182043,0.029261498,0.031053418,0.033568891
119,29.75,0.059703815,0.067495321,0.067959907,0.046667869,0.034392589,0.014211886,0.01241183,0.010110549,0.009777514,0.009551019,,0.003295433,-0.000716386,0.005633434,0.00874244,0.002755547,0.011044555,0.008624288,0.024484323,0.041321788,0.035420997
120,30,0.066315118,0.064819946,0.062096527,0.058093528,0.028120616,0.016010845,0.024392905,0.000783252,0.011177886,0.003837107,,0.013726827,-0.001693824,0.007124304,0.006608274,0.005062388,0.015793523,0.014592941,0.030449909,0.0365896,0.035535722
121,30.25,0.072876912,0.069907734,0.06930044,0.052955437,0.038387659,0.024038036,0.018337069,0.000798137,0.011249674,0.000724054,,0.006690107,0.003374664,-0.002956592,0.006108232,0.007504594,0.014711098,0.013561474,0.029966826,0.052759084,0.031673736
122,30.5,0.069680315,0.073611951,0.075009103,0.057285362,0.042552286,0.023574761,0.013228772,0.019886725,0.003645109,0.012390208,,-0.001600185,-0.000824001,0.002006545,0.011586753,0.011528339,0.018349772,0.019338807,0.024780539,0.044647979,0.046459333
123,30.75,0.078465686,0.073661766,0.077005632,0.069433738,0.038296438,0.029080333,0.018358638,0.019113495,0.010397594,0.010496766,,-0.004647888,-0.001364748,0.004005279,0.010376974,0.008261413,0.014368577,0.008286579,0.028741991,0.049779334,0.045776196
124,31,0.075073956,0.078203157,0.091062246,0.065907915,0.042648126,0.028696135,0.016062206,0.023063349,0.016360577,0.015406285,,0.002735077,-0.000245203,-0.003000528,0.010491458,0.013064154,0.014884018,0.017739916,0.031627794,0.047216373,0.04351006
125,31.25,0.068767232,0.077938821,0.084971819,0.06233897,0.043734323,0.027165679,0.016487928,0.028239428,0.015954446,0.018513748,,0.007041978,-0.002479807,0.005547145,0.000745318,0.005893409,0.012998422,0.027245279,0.03196973,0.057392272,0.04778033
126,31.5,0.086478625,0.069946269,0.086177057,0.066883519,0.059468925,0.032717545,0.013779492,0.022679798,0.015732118,0.017433952,,-0.002360186,0.004349028,0.004203579,0.005986518,0.010942609,0.019828148,0.027200854,0.034211537,0.050199132,0.047721926
127,31.75,0.077933992,0.081949155,0.084318393,0.065211983,0.063064997,0.042495515,0.02404246,0.014844479,0.023508932,0.014010551,,-0.001133798,-0.005958684,0.000388899,0.007393501,0.00873933,0.015388124,0.024417974,0.024935673,0.064498676,0.043881284
128,32,0.083752055,0.083273149,0.09211163,0.059297342,0.059836508,0.039964664,0.028341617,0.012203134,0.018138451,0.005661327,,0.003136256,-0.000268119,0.008322557,0.002425912,0.008690074,0.021788966,0.038025183,0.039812816,0.051463425,0.044680932
129,32.25,0.090863205,0.086911453,0.085387847,0.066174161,0.061437233,0.034623558,0.032078599,0.017460705,0.024237648,0.007270123,,0.008400451,-0.001882131,0.004268878,0.00584114,0.008148159,0.029602978,0.028947308,0.042308128,0.055739235,0.036991882
130,32.5,0.089170334,0.079333335,0.082687451,0.077529748,0.065550095,0.029253496,0.032458262,0.025420253,0.019708014,0.015722768,,0.010554702,0.003676526,0.006591736,0.011058939,0.009264349,0.026945237,0.036162931,0.034702016,0.060822077,0.043872311
131,32.75,0.080491554,0.082345787,0.079349677,0.078198605,0.063485166,0.035848192,0.035272332,0.024580424,0.015978366,0.024281532,,-0.002458624,0.008980766,0.008262227,0.014534381,0.01328959,0.019136961,0.033647269,0.036048013,0.055688608,0.047767342
132,33,0.083451036,0.080899957,0.093449271,0.082004211,0.061790314,0.03637966,0.035404676,0.023711514,0.020735297,0.012002788,,0.006024524,0.013595008,0.002616081,0.015708382,0.017995892,0.030173863,0.033006328,0.033647565,0.05117695,0.046354969
133,33.25,0.086775373,0.084353802,0.094132868,0.078077459,0.069233995,0.038526187,0.035000408,0.017495614,0.027599159,0.023402538,,0.002741117,0.005822893,0.005180835,-0.00095177,0.018388429,0.028643534,0.036389195,0.038780368,0.05738951,0.045837316
134,33.5,0.086632761,0.080749282,0.094026466,0.080540376,0.060178652,0.033179214,0.03561591,0.027016106,0.022239389,0.016881962,,0.004524365,0.001835264,0.008289635,0.004242395,0.014440511,0.033131887,0.031452634,0.047337645,0.066251299,0.052771229
135,33.75,0.078804002,0.086054106,0.087383417,0.08457823,0.064288606,0.036595159,0.029508638,0.025358172,0.028232168,0.019555842,,0.002595501,0.006207132,0.012879574,0.016414633,0.023009752,0.035983939,0.037299775,0.043408526,0.053654593,0.052967529
136,34,0.08237521,0.076743248,0.090728809,0.088661194,0.073391772,0.044116328,0.040232655,0.028934058,0.02454841,0.016458143,,0.006334776,0.004644687,0.010202328,0.012069341,0.024325171,0.042769523,0.031758811,0.04522976,0.06254772,0.055827166
137,34.25,0.095800152,0.075359232,0.08366081,0.078706538,0.072054475,0.035327001,0.032909722,0.028468769,0.035092124,0.018345647,,0.002027356,-0.000423872,0.018289814,0.008888545,0.018428874,0.040291567,0.036273821,0.0287203,0.055669683,0.057452277
138,34.5,0.093223605,0.0721296,0.085156487,0.076619211,0.075738232,0.040445974,0.03617655,0.016327695,0.022187876,0.012508555,,0.002493626,0.002847126,0.010813214,0.011263039,0.023730189,0.037870979,0.041635469,0.042867526,0.05644468,0.057379624
139,34.75,0.078079894,0.07300477,0.089809365,0.086590758,0.071648987,0.044587555,0.035777675,0.029562187,0.03692163,0.011631321,,0.009721128,0.008973941,0.000908071,0.01854307,0.024624275,0.035106757,0.038808216,0.034653641,0.064450912,0.049632334
140,35,0.08290042,0.073213087,0.091672205,0.093317023,0.078284344,0.04645871,0.044293177,0.024812655,0.017869222,0.017629531,,0.004300162,0.005979668,0.006332173,0.010680448,0.020649122,0.034057509,0.035603811,0.034622449,0.059715876,0.052879252
141,35.25,0.084404437,0.076378941,0.082316583,0.085065108,0.069031195,0.037200841,0.041077391,0.037179643,0.023522912,0.016315955,,0.007127796,0.005107071,0.003342088,0.019299176,0.022636222,0.039381237,0.032376578,0.03773261,0.060408431,0.049977676
142,35.5,0.076537261,0.07314128,0.088233467,0.078545456,0.069382789,0.042944806,0.042561999,0.030864223,0.024352933,0.019193297,,0.006494416,0.001576398,0.014952771,0.015708407,0.015032298,0.04582135,0.039947517,0.040828775,0.060432472,0.050102764
143,35.75,0.085152217,0.079176715,0.08697931,0.082004275,0.081188872,0.045532347,0.042410768,0.033870892,0.025618519,0.012074377,,0.010691202,0.002877574,0.01094379,0.008162526,0.0214338,0.037636527,0.042982205,0.052808015,0.064667624,0.054773595
144,36,0.085869395,0.075229469,0.084048953,0.082082702,0.078437395,0.057642262,0.039788788,0.039726585,0.027696757,0.024738867,,0.005587215,0.008074736,0.006292493,0.004835302,0.021581419,0.041454945,0.037207354,0.052276918,0.059342151,0.049021973
145,36.25,0.089425189,0.079529533,0.078643774,0.079543517,0.077968869,0.05674869,0.042969982,0.040039093,0.028013823,0.019139658,,0.003859384,0.014277931,0.014280218,0.021067332,0.026320375,0.040458921,0.045907674,0.038482377,0.059213435,0.048550532
146,36.5,0.071135872,0.081979081,0.075652922,0.080439905,0.067743177,0.061980999,0.040552611,0.034488907,0.03555589,0.021468953,,0.009658025,0.010336458,0.01792704,0.023419328,0.023330262,0.036956158,0.041528287,0.033667013,0.055300609,0.052790789
147,36.75,0.081199038,0.072888947,0.077739248,0.085515265,0.072897164,0.050887501,0.05190284,0.035032066,0.031631135,0.022259171,,0.007424953,0.014175637,0.014411811,0.01467587,0.028011354,0.046413248,0.035565455,0.041746247,0.057885677,0.051174175
148,37,0.075941029,0.072202639,0.076187556,0.086581205,0.074547309,0.057641612,0.047783034,0.028344917,0.03846388,0.022629492,,0.010340037,0.002599718,0.004696948,0.017380736,0.029106883,0.048003105,0.047189627,0.035607112,0.048507917,0.043445169
149,37.25,0.074214214,0.072967137,0.089998488,0.081992733,0.072362837,0.054254872,0.052919723,0.030746139,0.041207449,0.025472469,,-0.000391427,0.00501318,0.009414691,0.016932931,0.013933271,0.046939856,0.043953423,0.040680153,0.059109715,0.038966769
150,37.5,0.077400908,0.077096531,0.072838189,0.079985907,0.067835274,0.043742919,0.039919244,0.035607107,0.040250299,0.026654765,,-0.005328959,0.012857638,0.020985358,0.00718243,0.027687099,0.040262377,0.053306588,0.044969554,0.061391412,0.04145356
151,37.75,0.073250429,0.078680422,0.07591073,0.07821191,0.070119142,0.04588613,0.049300552,0.031821094,0.039220375,0.01906443,,-0.003062523,0.014813465,0.01736846,0.016297353,0.032712041,0.042539848,0.031881768,0.036512116,0.063817412,0.047431372
152,38,0.079744187,0.06713829,0.085772621,0.076640298,0.082070126,0.053625482,0.043313897,0.037716161,0.03564323,0.01936408,,0.001076306,0.0125206,0.012290919,0.015520626,0.027307133,0.039919078,0.032381581,0.03007092,0.053250499,0.04556341
153,38.25,0.079061706,0.071451321,0.081555824,0.077094846,0.077039317,0.060896526,0.048951043,0.050979652,0.027736129,0.022946262,,0.007963031,0.012116988,0.013524526,0.016553422,0.026809473,0.046759323,0.031889183,0.035975888,0.060888045,0.049888992
154,38.5,0.078884107,0.070087405,0.070018737,0.083009606,0.077371319,0.056301811,0.041795801,0.039717181,0.034928069,0.03022189,,0.004412169,0.013942439,0.012279262,0.024956745,0.021081477,0.0492492,0.039205217,0.032144979,0.050514207,0.044822159
155,38.75,0.073564157,0.062926967,0.085280615,0.08159357,0.074053431,0.056784561,0.05279444,0.042176292,0.030937438,0.026378807,,0.006270917,0.012332941,0.01213132,0.021802553,0.025205229,0.0477177,0.031921333,0.030608248,0.04817641,0.045416984
156,39,0.077252071,0.072496042,0.073659901,0.077636979,0.073582135,0.05589609,0.04110118,0.040871553,0.04337836,0.030927598,,-0.00731066,0.013695443,0.012592685,0.023140356,0.033746343,0.049831637,0.045504179,0.033304548,0.051174005,0.038178483
157,39.25,0.072465275,0.074388146,0.075027523,0.080921714,0.076747759,0.060593644,0.046185486,0.040827557,0.035425437,0.026629778,,0.002506858,0.006399819,0.014454504,0.025374122,0.025747303,0.044056205,0.043546653,0.041898634,0.060386064,0.043967465
158,39.5,0.071177011,0.074040233,0.078511371,0.072514986,0.068419451,0.066453995,0.046264611,0.032623051,0.03191339,0.028211713,,0.006849446,0.00613243,0.012850799,0.02448144,0.025963619,0.045840327,0.035587622,0.038898046,0.050950394,0.035324014
159,39.75,0.068200764,0.062946934,0.075585671,0.07650958,0.0645672,0.05724854,0.049879525,0.044830662,0.027359066,0.026930701,,7.59686E-05,0.008820147,0.017694686,0.027471836,0.022205582,0.03733938,0.03859447,0.036578546,0.055566319,0.045544931
160,40,0.072819033,0.063670394,0.077992247,0.083273937,0.075916957,0.05304448,0.045808674,0.041445455,0.03278922,0.023691008,,0.006031774,0.005191203,0.014740284,0.024484868,0.026337164,0.047444159,0.037889533,0.036444521,0.054870005,0.047058049
161,40.25,0.069419894,0.065635489,0.073282115,0.085592418,0.076561728,0.057154083,0.049204723,0.031931163,0.036951542,0.02152557,,0.009221958,0.010877647,0.009728696,0.025179809,0.029060168,0.046222075,0.036328169,0.039110036,0.056380815,0.035567587
162,40.5,0.077166651,0.07610319,0.077122455,0.07487779,0.078880869,0.051449923,0.046793168,0.042678028,0.039778561,0.026890375,,-7.21991E-05,0.011134166,0.015331433,0.016951487,0.037044841,0.056302001,0.042351697,0.044111907,0.041232232,0.03822278
163,40.75,0.079711021,0.063037853,0.079275552,0.077069179,0.079143889,0.058694818,0.045169575,0.035977993,0.037335086,0.031409052,,0.001189674,0.00827793,0.02220277,0.017761325,0.030563858,0.04611395,0.042545856,0.033765346,0.052848392,0.048913875
164,41,0.06484493,0.067673792,0.066864623,0.070192712,0.074774616,0.05374413,0.03602646,0.042576636,0.03880476,0.026134906,,0.005593759,0.011507434,0.020914051,0.020389824,0.033466999,0.042798138,0.035211084,0.032522773,0.055443487,0.051562999
165,41.25,0.072512001,0.065395673,0.069642937,0.071880288,0.079945654,0.061796765,0.043701876,0.030745651,0.03730289,0.028680987,,0.006811807,0.008205941,0.02315138,0.018211622,0.027689474,0.049180283,0.039660625,0.039422621,0.044846931,0.036309265
166,41.5,0.071340843,0.062672289,0.077686258,0.072480958,0.073843864,0.04829948,0.06283852,0.038512961,0.042543711,0.028132894,,0.016175137,0.007117639,0.023476297,0.026779127,0.033959881,0.044443292,0.039268698,0.031256685,0.048491215,0.036995096
167,41.75,0.061732196,0.064086805,0.081949421,0.067884245,0.074506082,0.056990023,0.053891519,0.038333195,0.029949501,0.021361952,,0.010088252,0.017675359,0.020705142,0.025676754,0.033422621,0.049069262,0.046657284,0.043283306,0.048352324,0.042702099
168,42,0.05946212,0.062058967,0.069465604,0.080027585,0.077438805,0.0676121,0.049255684,0.037853079,0.053402111,0.027807005,,0.005509814,0.015903996,0.023578303,0.024472563,0.030263426,0.042832859,0.04511101,0.039123309,0.048747349,0.040153702
169,42.25,0.060926045,0.055207058,0.070249426,0.079571902,0.069039187,0.065132733,0.053641237,0.033542491,0.042582982,0.030224299,,0.007099184,0.014584802,0.016993666,0.014147978,0.034592273,0.040618286,0.035603402,0.038515118,0.048232494,0.037594862
170,42.5,0.061235924,0.056176227,0.067905672,0.074950966,0.077329785,0.057644007,0.055974788,0.036361184,0.036470796,0.02855453,,0.015170345,0.001279813,0.020953672,0.021170078,0.035203811,0.050573917,0.037038428,0.040241567,0.043927599,0.041621931
171,42.75,0.066636891,0.059079571,0.065917022,0.0627283,0.076133231,0.059066333,0.049352914,0.033783282,0.036571345,0.026355585,,0.010239377,0.004743056,0.017153247,0.018774083,0.032795405,0.052596906,0.033732477,0.032087207,0.048552562,0.046383091
172,43,0.067604177,0.053845099,0.068240674,0.070081667,0.0816064,0.0597607,0.048518621,0.043476851,0.03908398,0.015150569,,0.011393375,0.012326292,0.007137533,0.025659855,0.023158735,0.039988635,0.040574001,0.047980429,0.048710312,0.035557405
173,43.25,0.061720113,0.05974611,0.069081434,0.071559301,0.071775674,0.060872435,0.046714913,0.042030859,0.038906901,0.026489578,,0.007807419,0.016845082,0.010209244,0.022949492,0.02998297,0.035240939,0.047837116,0.040062466,0.049019458,0.040826507
174,43.5,0.063992596,0.049938161,0.058818064,0.074949555,0.06812565,0.061352469,0.05406263,0.040022113,0.035679062,0.023289287,,0.004347146,0.023627549,0.005957156,0.024035518,0.022236014,0.034924018,0.045253748,0.04483096,0.044836431,0.038693534
175,43.75,0.057963211,0.053743426,0.064856398,0.070759664,0.06813751,0.058711852,0.047701843,0.044646492,0.038996165,0.026607401,,0.011016381,0.014225592,0.011070692,0.02511729,0.02892839,0.038311222,0.046521982,0.039475203,0.040396293,0.044792626
176,44,0.056865797,0.051781279,0.071225927,0.068107427,0.077300396,0.058233432,0.053295283,0.035826262,0.040003076,0.022703286,,0.020193415,0.015348313,0.014757433,0.03030284,0.031555367,0.043011935,0.044987762,0.033625873,0.04322393,0.042133305
177,44.25,0.073453327,0.055609461,0.063450951,0.069685543,0.073306766,0.055539678,0.051244027,0.038068631,0.044770151,0.029605665,,0.001125385,0.014688068,0.019930404,0.030850214,0.03625156,0.04678368,0.041365408,0.037227153,0.049479242,0.03438612
178,44.5,0.064443895,0.05503283,0.064246726,0.062415041,0.075854962,0.070179562,0.056897704,0.033158989,0.035695528,0.034360898,,-0.008226362,0.013307922,0.018521742,0.029814194,0.036284463,0.044443934,0.037513782,0.031897231,0.045328906,0.041102003
179,44.75,0.06451787,0.052072035,0.061810537,0.068004712,0.066937713,0.067719014,0.052967001,0.046014773,0.038125733,0.036141324,,-0.00190697,0.014467813,0.02934465,0.019221394,0.043541268,0.047125926,0.036764435,0.035075361,0.042639023,0.037379527
180,45,0.050069192,0.051161055,0.064277682,0.0683499,0.062463845,0.057346952,0.047215695,0.043775342,0.031221145,0.04112387,,0.002405844,0.013336597,0.012171983,0.016051526,0.039776289,0.042480793,0.040272032,0.03515712,0.045879413,0.041133986
181,45.25,0.059105712,0.057928489,0.059301512,0.073821527,0.075583482,0.052267234,0.051863642,0.052314267,0.034981211,0.031960394,,0.005708573,0.021695303,0.013526901,0.027050466,0.031830136,0.039267765,0.043571771,0.039856966,0.053485426,0.032126961
182,45.5,0.054497639,0.054222694,0.060997072,0.068986778,0.072510029,0.062767229,0.056865313,0.035914672,0.036032312,0.030697387,,0.002803688,0.013319075,0.013627938,0.024370499,0.036146782,0.038488296,0.031789726,0.035019453,0.043609504,0.039344068
183,45.75,0.055945999,0.050702302,0.06582289,0.065940445,0.072714275,0.042125532,0.051827582,0.031561674,0.041740231,0.023511322,,0.000326931,0.01985013,0.016798067,0.029201723,0.034335379,0.041064028,0.031909503,0.036198672,0.042237633,0.044329159
184,46,0.057617489,0.051113436,0.059317419,0.063010359,0.071589655,0.051931627,0.05105793,0.034482396,0.039666629,0.033107347,,0.001668713,0.010248266,0.016228213,0.02710113,0.017481841,0.046386638,0.036984322,0.024934332,0.050655582,0.039696703
185,46.25,0.055330571,0.054254162,0.061793887,0.071155189,0.069857369,0.059447868,0.05257158,0.044404948,0.044456154,0.030037975,,0.003433861,0.003608781,0.017977099,0.022752978,0.029039929,0.048634097,0.033289811,0.032161519,0.049408899,0.036970802
186,46.5,0.059547033,0.056589765,0.059076982,0.064696646,0.059166759,0.055246411,0.056476728,0.038202146,0.042999463,0.033320825,,0.008608061,0.007546072,0.018672913,0.022447111,0.023944525,0.03476317,0.03689339,0.034134471,0.044444265,0.033359832
187,46.75,0.053896603,0.05185238,0.062572379,0.072138602,0.062793872,0.057313152,0.05214854,0.046649001,0.035503608,0.024538274,,0.007355329,0.013517701,0.018449963,0.027080756,0.027375559,0.039897609,0.034354572,0.032189095,0.041644498,0.03077394
188,47,0.049801089,0.052878811,0.05713976,0.067968672,0.064256103,0.059651217,0.06016791,0.037893196,0.036131425,0.026329457,,0.004734608,0.009671057,0.021877478,0.031166985,0.025845626,0.043729097,0.032862359,0.035413686,0.051535095,0.032016674
189,47.25,0.054870249,0.052629428,0.05893019,0.06010399,0.066504839,0.055909366,0.053001689,0.042242519,0.031571784,0.017045647,,0.003218258,0.020774388,0.02246834,0.025697017,0.037228011,0.037841706,0.037566239,0.036141772,0.051013334,0.042150365
190,47.5,0.060926602,0.046100883,0.056421473,0.057796096,0.073706023,0.060677448,0.055958385,0.039265116,0.033069343,0.036715778,,0.011042163,0.015998879,0.015484493,0.025320786,0.034989277,0.041573116,0.039094424,0.043778464,0.048335048,0.041783124
191,47.75,0.0477459,0.044818469,0.066393537,0.06310753,0.080606938,0.06644123,0.040635678,0.051867562,0.042846835,0.030607553,,0.013843537,0.01307683,0.023288069,0.020082331,0.02710676,0.04653462,0.037117617,0.03831257,0.049605843,0.034240567
192,48,0.051565046,0.047231563,0.055929119,0.065820472,0.06471235,0.055919659,0.034065076,0.045718824,0.03801261,0.030411684,,0.00365331,0.008046471,0.021364899,0.018936214,0.029737206,0.0366759,0.037587272,0.038848404,0.042575545,0.034140486
193,48.25,0.051823188,0.051310799,0.054901504,0.065211988,0.062285733,0.051189555,0.036855311,0.036820545,0.029025052,0.023167264,,0.008453003,0.014515804,0.014114095,0.025451657,0.033933216,0.034890736,0.041971599,0.033349703,0.033904065,0.036178472
194,48.5,0.060518317,0.045230239,0.062694539,0.057361244,0.060432153,0.057806415,0.041037688,0.036379855,0.027202327,0.028717247,,0.012457368,0.018982398,0.011015487,0.027461479,0.036709581,0.033787408,0.043321642,0.043080081,0.035435018,0.032919349
195,48.75,0.052761412,0.050185254,0.057557509,0.060587133,0.071306535,0.055643208,0.050688426,0.041736767,0.028614546,0.02778451,,0.002934704,0.0120518,0.018907209,0.034552331,0.026189332,0.045083445,0.036083312,0.030789328,0.040348034,0.029887618
196,49,0.04581851,0.041584374,0.053045755,0.058978327,0.06715517,0.060599574,0.043649518,0.046948978,0.035848749,0.029595367,,0.004039072,0.008182049,0.009711101,0.028985897,0.034121282,0.032261593,0.032566613,0.027242448,0.042477414,0.035765111
197,49.25,0.045801745,0.042901487,0.055782875,0.055779842,0.068813792,0.053840688,0.037193406,0.041114833,0.041928761,0.024986108,,0.005614795,0.017961271,0.014993479,0.025205703,0.028233428,0.046656105,0.032172049,0.0311981,0.047147691,0.036507835
198,49.5,0.043763307,0.041963314,0.064909561,0.05492452,0.065348742,0.055755574,0.041954315,0.03794883,0.046353846,0.025936206,,0.011153477,0.012820424,0.009446675,0.026056109,0.027993472,0.042482886,0.040101144,0.037855613,0.046204599,0.03472526
199,49.75,0.043898805,0.042647006,0.052378177,0.057564893,0.059262604,0.056982109,0.046342743,0.03555946,0.035985747,0.029382539,,0.013393864,0.018680673,0.011303865,0.021387071,0.029693275,0.034424527,0.040828933,0.037044287,0.036258858,0.042276719
200,50,0.054211019,0.04136219,0.058469234,0.048631264,0.061363482,0.056081556,0.046525877,0.040946403,0.044251252,0.035404615,,0.006406918,0.009097011,0.01415717,0.023201653,0.026448648,0.045011044,0.040523442,0.03112995,0.039760093,0.032399986
201,50.25,0.045254964,0.039204587,0.052637642,0.050389457,0.058144596,0.053702425,0.056186385,0.040147134,0.041607992,0.030992757,,0.001819743,0.011698343,0.027940386,0.029366837,0.022813314,0.045712352,0.042064405,0.026784464,0.043670741,0.034299573
202,50.5,0.050487544,0.048494955,0.050400232,0.046225587,0.068360464,0.045668561,0.048035686,0.047119165,0.038945712,0.035534051,,0.007085932,0.006733265,0.017991263,0.026579934,0.026332209,0.036440052,0.022472375,0.03100663,0.046785255,0.025487517
203,50.75,0.045867469,0.049561589,0.053323562,0.053685761,0.063621862,0.060302895,0.060824878,0.033284571,0.032228042,0.03403281,,0.008865088,0.015744821,0.006580044,0.021382883,0.026056637,0.046971675,0.033698974,0.035148733,0.038386114,0.037667528
204,51,0.048146159,0.043127171,0.042452935,0.049813623,0.065700018,0.043496358,0.048426136,0.035013483,0.044052782,0.032258891,,0.008037682,0.012003677,0.009935882,0.029002171,0.027815986,0.042163405,0.033182287,0.033480269,0.03545878,0.026433651
205,51.25,0.041636812,0.04285547,0.056830151,0.055875685,0.062045388,0.052233781,0.036571988,0.039978943,0.035674056,0.028263068,,-9.92267E-05,0.018936432,0.013645534,0.023018716,0.026390263,0.043129197,0.029632131,0.023846723,0.041605286,0.028787929
206,51.5,0.045708992,0.038665196,0.05405307,0.053053439,0.058138683,0.051795819,0.044551723,0.047948155,0.042513539,0.024404789,,-0.00104624,0.019109125,0.020059598,0.019413135,0.032892617,0.039611775,0.032838658,0.028144422,0.038206188,0.026701523
207,51.75,0.047664738,0.043634005,0.053408866,0.053071629,0.058916222,0.051159936,0.041195663,0.027961006,0.029780691,0.026665374,,0.005017054,0.014599206,0.019187174,0.020149206,0.027485562,0.043201366,0.0314439,0.028460794,0.039536204,0.03358322
208,52,0.05308527,0.035699013,0.045421831,0.053232666,0.058841569,0.05298405,0.048199489,0.032889057,0.037046552,0.027236883,,0.006549159,0.01237063,0.027331887,0.021738397,0.027443966,0.036366332,0.033305671,0.035105636,0.036255905,0.029821351
209,52.25,0.045010599,0.036690814,0.043525911,0.047903558,0.060413554,0.050491079,0.050452904,0.036501557,0.038212664,0.033565971,,-0.003911895,0.011701641,0.012007677,0.014726016,0.030257344,0.045698762,0.026717571,0.045057241,0.032295214,0.024451737
210,52.5,0.046646949,0.039997309,0.046224302,0.054948046,0.053667688,0.046727128,0.045553686,0.045332546,0.034834455,0.02592779,,0.004187433,0.013037289,0.017953744,0.021351642,0.034891354,0.040056691,0.043295056,0.03684434,0.03233367,0.02437794
211,52.75,0.03776618,0.043185334,0.052442567,0.056884747,0.058343217,0.05691793,0.044749506,0.024214717,0.032301733,0.021013433,,0.013311252,0.013277704,0.01639317,0.018364007,0.033448798,0.043254181,0.031603635,0.029843874,0.034907922,0.024696354
212,53,0.045347984,0.03608056,0.039825435,0.055876358,0.055835894,0.057204648,0.045108733,0.024876657,0.03556187,0.019125467,,0.011930878,0.015006337,0.016726635,0.011600593,0.030717396,0.039297131,0.036549016,0.02747447,0.045184705,0.032234352
213,53.25,0.039870893,0.032973263,0.044601703,0.050615146,0.062776632,0.045074407,0.046209546,0.030195571,0.040702107,0.022301831,,0.009257356,0.016740256,0.014471565,0.008425538,0.023903597,0.042104391,0.041712067,0.036936106,0.042971183,0.032057065
214,53.5,0.040045621,0.029507346,0.047793933,0.04507683,0.057247854,0.039688412,0.05488803,0.038280884,0.043787313,0.024549427,,0.011832648,0.022587431,0.023469115,0.024366349,0.028570348,0.038656715,0.044333553,0.031561254,0.037918392,0.035426635
215,53.75,0.037533897,0.040942705,0.041425709,0.044803898,0.042757178,0.059033162,0.038579573,0.026912825,0.030702583,0.027640709,,0.014849872,0.011826922,0.026345661,0.025028839,0.025872357,0.038227275,0.040089452,0.03095154,0.037847265,0.02182183
216,54,0.041857782,0.042855614,0.039482225,0.048774613,0.056117863,0.058599004,0.050134656,0.039463031,0.031276625,0.022448076,,0.015138719,0.01055341,0.018759169,0.020462931,0.021682392,0.030292127,0.03326574,0.027116517,0.038489871,0.029879296
217,54.25,0.047888165,0.042636411,0.043418568,0.055839759,0.05673484,0.054483794,0.046097835,0.034853908,0.034664256,0.024719784,,0.014263123,0.015940745,0.012723858,0.018813336,0.030733367,0.041541141,0.034948226,0.030458349,0.034282573,0.021072622
218,54.5,0.044247246,0.041454731,0.046113138,0.048397974,0.06303735,0.048517475,0.046092981,0.044993246,0.036028784,0.021968272,,0.010411045,0.003892025,0.013690723,0.016669369,0.017843973,0.035928331,0.030209678,0.030229095,0.041752026,0.031757203
219,54.75,0.046583892,0.038703722,0.034255873,0.054103201,0.062311703,0.047667524,0.043224555,0.030114272,0.025994069,0.023872465,,0.001498652,0.005497097,0.020821066,0.027158171,0.021509732,0.03824862,0.029994027,0.026036164,0.030478394,0.033340861
220,55,0.035759736,0.04061123,0.038056287,0.050967324,0.052529675,0.045300896,0.045939558,0.030454166,0.028466776,0.017965545,,0.005546125,0.009303661,0.014115237,0.021952867,0.026641039,0.039303888,0.037267247,0.026349417,0.031734807,0.031587513
221,55.25,0.041114196,0.036783781,0.042421666,0.041695852,0.056695518,0.046643772,0.037610877,0.032748849,0.03926958,0.020129398,,0.006172685,0.012192147,0.011951521,0.014714245,0.026872548,0.041434819,0.037205138,0.01777281,0.026965165,0.042054693
222,55.5,0.040303561,0.034144257,0.039403134,0.040714292,0.054411307,0.048625328,0.043965559,0.030203809,0.031990912,0.026279474,,0.008321024,0.010226769,0.017409896,0.020082713,0.037647041,0.041362515,0.03223057,0.031753742,0.030152603,0.026188518
223,55.75,0.039965386,0.03740654,0.041353201,0.04089978,0.057794256,0.048211039,0.045406195,0.033740993,0.036422121,0.020854526,,0.007989841,0.015886151,0.010997227,0.019486918,0.035106993,0.034130025,0.028153701,0.024935047,0.029038569,0.035661673
224,56,0.036491601,0.044822368,0.041229341,0.049881225,0.06367561,0.046586237,0.046805912,0.037969402,0.03447814,0.022501692,,-0.000884275,0.010645573,0.011843206,0.02467305,0.029767906,0.039033493,0.034822152,0.020484948,0.036645802,0.029509928
225,56.25,0.030379386,0.021572223,0.045550663,0.0454157,0.047308518,0.047048089,0.044191359,0.042469247,0.038776985,0.025556005,,0.005849332,0.000613996,0.020400635,0.024382703,0.035928807,0.040545538,0.034911428,0.019734423,0.044340541,0.022697372
226,56.5,0.02804854,0.027927003,0.041902546,0.043289945,0.047679808,0.05429237,0.050033079,0.033281377,0.044700652,0.027696415,,0.014937875,0.014952016,0.014818578,0.019621502,0.031692306,0.030224575,0.039611948,0.02147108,0.03752002,0.025768744
227,56.75,0.036644339,0.036418659,0.041636995,0.053159676,0.054131463,0.059281566,0.043950402,0.042413237,0.027671027,0.034441785,,0.004140808,0.016051433,0.010607246,0.022346723,0.029160774,0.032051537,0.03379472,0.02318187,0.024516073,0.028030982
228,57,0.034114783,0.036656723,0.048844138,0.047026029,0.059996549,0.051553168,0.046143159,0.034799935,0.032354788,0.027451202,,0.009327871,0.010387046,0.021899065,0.013851384,0.032323611,0.033995676,0.020261966,0.026121204,0.033441869,0.027625439
229,57.25,0.032718115,0.032272833,0.043440471,0.047942857,0.051275639,0.050845678,0.047819542,0.035644812,0.036043775,0.019004724,,0.010674943,0.007978927,0.013501488,0.015247215,0.028038027,0.036078921,0.023537312,0.025953658,0.023501144,0.022820794
230,57.5,0.029902497,0.031681924,0.044024261,0.046602944,0.054062728,0.054780058,0.046621444,0.032570555,0.038003352,0.019324414,,0.009527343,0.014279943,0.010543596,0.020064372,0.027924858,0.036791243,0.030272878,0.020910759,0.026230521,0.034840681
231,57.75,0.034808861,0.030635276,0.03360356,0.044311085,0.056150697,0.048646711,0.041260961,0.03755396,0.025840456,0.027783434,,0.005181131,0.00442024,0.017694722,0.020583406,0.027724539,0.03352352,0.03026329,0.025676381,0.026903138,0.027135208
232,58,0.030282992,0.029309274,0.044454211,0.047035671,0.052344857,0.044088,0.047718345,0.037328077,0.03295019,0.032354032,,0.004239934,0.011079885,0.019583973,0.020960657,0.027287897,0.03951676,0.029759864,0.0395531,0.037338011,0.027720543
233,58.25,0.022693076,0.033729637,0.043495662,0.045597942,0.047665631,0.0531091,0.042672808,0.043681888,0.028276505,0.020833372,,0.002103717,0.014659072,0.015636784,0.01641451,0.033707489,0.037833717,0.030346241,0.029374718,0.022863947,0.02539968
234,58.5,0.032786005,0.031341333,0.037301841,0.044991806,0.054443493,0.05623571,0.036541202,0.030563925,0.037421126,0.023282686,,-0.001808738,0.005639613,0.013484376,0.021900509,0.033790374,0.030002669,0.034087646,0.011234691,0.03592658,0.032567434
235,58.75,0.040903633,0.037308656,0.043642519,0.042219673,0.051988707,0.044670926,0.0455161,0.037873912,0.033184956,0.021733723,,0.000502656,0.005206119,0.012026525,0.018690453,0.033831409,0.029679999,0.033658212,0.029504654,0.028470309,0.023439668
236,59,0.027409623,0.034477489,0.035119555,0.034396638,0.038929437,0.046345391,0.034161169,0.043205814,0.036435195,0.023311433,,0.011596303,0.008599953,0.011988189,0.022917583,0.030270473,0.031454988,0.027117253,0.035763287,0.030413331,0.020666215
237,59.25,0.024543715,0.032175531,0.036051136,0.034898448,0.041409396,0.044236172,0.04265149,0.02982705,0.034407932,0.030688674,,0.01130984,0.012755187,0.010372957,0.017665751,0.024903485,0.032936474,0.024623279,0.019756367,0.031411889,0.027887293
238,59.5,0.034146493,0.039206668,0.034202636,0.037400443,0.057827091,0.042643131,0.039205281,0.029998457,0.033002866,0.035230603,,0.009612381,0.012987109,0.011303425,0.018046903,0.02133877,0.026301348,0.013763255,0.022406393,0.028400806,0.028382289
239,59.75,0.036035543,0.038862149,0.032502011,0.045892409,0.05117843,0.049484652,0.042983837,0.029463229,0.031630423,0.023437982,,0.006753273,0.017357351,0.016652368,0.018748924,0.022758997,0.02764903,0.025777106,0.017039886,0.025756939,0.029322928
240,60,0.033512498,0.039903684,0.042374102,0.043539741,0.05154706,0.04745166,0.045607176,0.038906036,0.033577503,0.013608306,,0.010066139,0.011844639,0.017507935,0.0125325,0.019828324,0.034488366,0.022530327,0.025909239,0.036173302,0.027587017
241,60.25,0.024872734,0.032754472,0.040458724,0.046641324,0.046609973,0.053161368,0.04225153,0.021954812,0.030141752,0.026885704,,0.001090246,0.008717999,0.022304683,0.016857416,0.014338136,0.033027968,0.023273968,0.023186292,0.025988599,0.021902526
242,60.5,0.039006409,0.022078237,0.031394145,0.044529062,0.051919403,0.046221266,0.037796278,0.040672653,0.036558081,0.030843278,,0.000111823,0.016669186,0.009105774,0.015135468,0.022636449,0.029473305,0.025127422,0.018806808,0.032599418,0.018808448
243,60.75,0.029447075,0.035555006,0.036617031,0.037986046,0.043780322,0.048891317,0.045251563,0.038176766,0.037092669,0.032768628,,0.01329437,-0.003061693,0.015642161,0.018125056,0.024084033,0.039880735,0.025350839,0.018646226,0.03199982,0.024372463
244,61,0.021358171,0.031312197,0.034417023,0.039229255,0.04916385,0.045088271,0.043344053,0.036253939,0.042578646,0.030512283,,-0.00208972,0.008326443,0.010722997,0.017112009,0.028351571,0.033148658,0.029394281,0.020611367,0.02077024,0.024065225
245,61.25,0.030683466,0.032939841,0.038210127,0.044258947,0.047939954,0.051069656,0.037715977,0.022866818,0.029273881,0.023849213,,0.003315087,0.003367588,0.004795278,0.015271374,0.017710099,0.032928552,0.028471281,0.017827708,0.037404909,0.024923742
246,61.5,0.027673481,0.032871411,0.029029096,0.046398907,0.045900811,0.035154914,0.044842377,0.033576243,0.036886028,0.016749205,,0.002462789,0.004970258,0.008950457,0.010188272,0.01998584,0.024419815,0.030697869,0.027025711,0.029294484,0.032266607
247,61.75,0.030603911,0.02940281,0.033880757,0.037930952,0.0493968,0.04846879,0.044282549,0.033350845,0.032508794,0.027427522,,0.00902662,0.009862832,0.012852107,0.02296155,0.019559712,0.030116658,0.029508889,0.028641807,0.04235835,0.023904606
248,62,0.02537251,0.03101719,0.031740669,0.037856725,0.041588824,0.044941794,0.046877674,0.036445443,0.034777744,0.01935973,,0.014467973,0.011374317,0.004605024,0.024874053,0.025437013,0.03540445,0.02198118,0.025862944,0.030250066,0.028772611
249,62.25,0.027925881,0.026571593,0.0320946,0.043692589,0.041094159,0.04737678,0.035228992,0.027926232,0.037084677,0.023603222,,0.004517115,0.00746992,0.013855241,0.023082609,0.024562722,0.033713779,0.029704532,0.021152469,0.0364481,0.027836119
250,62.5,0.037365389,0.027189596,0.025425046,0.040406338,0.039461707,0.04375504,0.043261593,0.030994895,0.036994726,0.023966373,,0.002637853,0.004922995,0.019599165,0.019473655,0.02791473,0.034266965,0.024637908,0.020332154,0.024138776,0.020754998
251,62.75,0.030965617,0.029484736,0.039351135,0.036486535,0.038088692,0.043228845,0.040045553,0.028187565,0.038046226,0.019516426,,0.00565619,0.012753092,0.01479263,0.016489735,0.033368834,0.030909367,0.035845881,0.020007472,0.028046028,0.032289222
252,63,0.03094704,0.036373906,0.038440632,0.042585242,0.045480127,0.041281275,0.037352162,0.031309813,0.029926483,0.031145389,,0.008463126,0.018987176,0.019248384,0.015094248,0.031315905,0.025856594,0.031746201,0.032032458,0.024606623,0.030488108
253,63.25,0.027597639,0.027827486,0.036806599,0.039481957,0.042278522,0.046047931,0.039999037,0.03906797,0.033923616,0.03448053,,-0.008814104,0.007350669,0.016298187,0.017680597,0.024023828,0.036027013,0.022840175,0.022120095,0.024515867,0.026133671
254,63.5,0.023613385,0.027265429,0.039616632,0.043316152,0.04494281,0.048350383,0.039302877,0.037847988,0.025924774,0.024692949,,-0.002067876,0.014839237,0.014016334,0.020716088,0.026232401,0.03480329,0.028002143,0.020371713,0.030120618,0.029331306
255,63.75,0.0243694,0.028096877,0.031085302,0.051074399,0.049470062,0.043896051,0.034059002,0.034335303,0.031203144,0.015218425,,-0.002163515,0.00824277,0.008664178,0.022437094,0.035621601,0.038274602,0.022720523,0.019365717,0.035895192,0.028217945
256,64,0.02361254,0.035945502,0.027817053,0.039127403,0.044067285,0.044672301,0.043431985,0.031275151,0.033108705,0.017510861,,-0.002454623,0.005958519,0.007157358,0.019898521,0.031999732,0.037678045,0.024747855,0.017665643,0.03253324,0.025443556
257,64.25,0.029691239,0.024454395,0.035825204,0.043818385,0.041474734,0.042403909,0.043763686,0.035257692,0.032073939,0.013677477,,0.009381311,0.003470683,0.012937178,0.017276799,0.024016172,0.042156869,0.029251536,0.018590692,0.028530824,0.021737022
258,64.5,0.03612396,0.02490653,0.028108486,0.033363009,0.04790008,0.042251206,0.034234441,0.034390085,0.025953038,0.026993932,,-0.001797706,0.009377612,0.017643608,0.019084443,0.026455815,0.036390312,0.012778052,0.012035312,0.028474904,0.012418287
259,64.75,0.028291636,0.027062129,0.027598446,0.034899564,0.03728681,0.047156835,0.044157878,0.03414923,0.046457853,0.019852698,,0.005715069,-0.003026696,0.016457082,0.018146133,0.025965187,0.032544683,0.023365374,0.022925948,0.032852011,0.016205735
260,65,0.02495829,0.025378883,0.029522577,0.048721979,0.037117248,0.041362331,0.044902052,0.039576083,0.032104829,0.019618565,,-0.004347016,0.009048879,0.014965042,0.01931633,0.009936356,0.026948433,0.024618789,0.026222344,0.031055699,0.019022539
261,65.25,0.032103603,0.031095045,0.029565927,0.047671473,0.040520507,0.041622828,0.040956142,0.034993692,0.031159015,0.024384462,,0.005737627,0.007343139,0.014877357,0.017279391,0.019415356,0.035266184,0.02978336,0.021593892,0.030876875,0.01634879
262,65.5,0.029594513,0.030724312,0.026039669,0.033164509,0.038194673,0.038795245,0.030370604,0.029561962,0.036068249,0.026847374,,0.006147105,0.006693305,0.012987365,0.01436412,0.014232182,0.032461611,0.021335618,0.019813719,0.030675599,0.022403473
263,65.75,0.027302421,0.024239072,0.031839556,0.034438423,0.041961998,0.045291697,0.039967259,0.033859295,0.036381194,0.016920966,,0.000510926,0.004625852,0.018168983,0.017639136,0.01832078,0.032901086,0.027558186,0.025091683,0.022839605,0.015734291
264,66,0.023706541,0.016131352,0.036107063,0.034450837,0.040174103,0.048423419,0.030130413,0.034749539,0.031066675,0.027642646,,-0.005515876,0.008682855,0.0110691,0.021405968,0.022719014,0.032457466,0.02727603,0.020497995,0.016911754,0.012950283
265,66.25,0.02977847,0.026082858,0.035204893,0.040429113,0.045822192,0.04088103,0.033017263,0.032429241,0.032387688,0.030256775,,-0.001710084,0.006097408,0.015899411,0.023657509,0.025898352,0.032327302,0.027083119,0.031710716,0.026327572,0.016820792
266,66.5,0.018938604,0.026191574,0.032634801,0.031885849,0.034399243,0.036707544,0.040979356,0.029082277,0.02798203,0.019780649,,-0.0007296,0.013994363,0.008975952,0.02132211,0.032892896,0.028994075,0.026442269,0.019427412,0.02360735,0.017034595
267,66.75,0.02185906,0.015085673,0.041866476,0.035606677,0.038542751,0.036316027,0.047406768,0.028276198,0.024153901,0.024534755,,0.005613129,0.013913671,0.004354348,0.022496791,0.028535006,0.036797661,0.020171162,0.02117793,0.034119073,0.016857751
268,67,0.034329216,0.019164725,0.034999071,0.033161778,0.034620275,0.043334316,0.040918914,0.029547918,0.028036342,0.025925534,,-0.002171179,0.013245369,0.008364031,0.022160342,0.02696934,0.028180105,0.022646158,0.012788607,0.028728308,0.027017346
269,67.25,0.032910613,0.024345148,0.024132906,0.034888315,0.043829602,0.048235506,0.033272287,0.03247888,0.026579963,0.03201888,,0.013101912,0.006400697,0.010059096,0.011328631,0.019705888,0.028661921,0.026196094,0.016700462,0.0267383,0.022754987
270,67.5,0.033390758,0.021928312,0.033333656,0.033718072,0.046956655,0.040076624,0.029756489,0.023622084,0.026089071,0.022384874,,0.000307027,0.0166131,0.010619376,0.008583478,0.023396832,0.028148099,0.02389399,0.01911954,0.035763703,0.020115455
271,67.75,0.036491331,0.022333802,0.031778192,0.029854947,0.041153882,0.039319746,0.037105311,0.029057059,0.027215484,0.020310194,,0.003524235,0.009100344,0.015354253,0.026241091,0.018242198,0.034064666,0.024842181,0.011347078,0.022149873,0.021414459
272,68,0.029479896,0.025843507,0.035283095,0.036165984,0.038047561,0.039048179,0.030266518,0.029612869,0.029609433,0.012055961,,0.00793886,0.00752354,0.010564526,0.019822316,0.028385367,0.030990188,0.021365369,0.016923927,0.034124265,0.022417688
273,68.25,0.023235327,0.026889664,0.028448829,0.032854117,0.039354657,0.041636389,0.03799578,0.031751832,0.029530173,0.017631671,,-0.00568321,0.013935764,0.008404391,0.014555871,0.025567495,0.025409342,0.02856217,0.017508012,0.027554376,0.018531409
274,68.5,0.018856344,0.024667489,0.031696397,0.026373745,0.046503291,0.043775277,0.031943923,0.024081641,0.036896875,0.014290364,,0.007563908,0.015812236,0.010350563,0.020422145,0.026440505,0.028890143,0.019376919,0.018869622,0.022558559,0.018486933
275,68.75,0.022102932,0.018413209,0.034554795,0.034918458,0.04705366,0.037313699,0.03525856,0.027088524,0.025694334,0.012795224,,0.008023201,0.005370366,0.007278762,0.023637703,0.022202222,0.029640194,0.012645416,0.015880737,0.023912885,0.027714877
276,69,0.023257045,0.015691494,0.037204975,0.032871123,0.041498702,0.037914779,0.032573677,0.023556573,0.030413635,0.022932991,,0.006718354,0.008179872,0.008700739,0.021741647,0.018824428,0.023616822,0.015057566,0.014874674,0.031619828,0.027177907
277,69.25,0.03036205,0.026232646,0.023604559,0.03073546,0.035027268,0.043088533,0.034683713,0.026321166,0.02452221,0.029043743,,0.002890743,0.013334085,0.01256817,0.022664801,0.014741279,0.029785241,0.021731018,0.025117709,0.030515021,0.02045958
278,69.5,0.01941681,0.027167435,0.020761203,0.036803255,0.045399764,0.042220429,0.041174722,0.030537175,0.035676305,0.02161305,,0.007328854,0.010710119,0.006626412,0.01664418,0.020462444,0.030920508,0.018510513,0.0197253,0.027317776,0.019935196
279,69.75,0.018585769,0.031338698,0.025332468,0.030493665,0.038572737,0.04539529,0.038173987,0.025999239,0.031168944,0.021211982,,-0.001232021,0.013330195,0.009815467,0.019995516,0.021697855,0.027722314,0.031684232,0.022150541,0.030342445,0.025085583
280,70,0.015425493,0.027709679,0.02879583,0.028678896,0.038639369,0.047166225,0.033201661,0.032493759,0.036780911,0.012159322,,0.001049435,0.005210893,0.006623642,0.022297254,0.024234826,0.020731013,0.022174519,0.018591643,0.025020526,0.023129023
281,70.25,0.029677334,0.019063053,0.026866584,0.027031366,0.043812455,0.040506547,0.035623808,0.027855666,0.03475727,0.026502236,,0.006078418,0.009021211,0.02205997,0.02184219,0.02067796,0.0292529,0.026295104,0.017450434,0.025972494,0.012274225
282,70.5,0.027665575,0.015886475,0.027291682,0.029512041,0.038024989,0.04118978,0.034775143,0.024885917,0.032351704,0.014367933,,-0.006616047,0.009429608,0.016876879,0.020214566,0.03045339,0.02309232,0.016167376,0.013458594,0.02929649,0.015477055
283,70.75,0.026999655,0.016410228,0.024748328,0.034861494,0.039329245,0.046679464,0.031327566,0.018276389,0.028323389,0.022350817,,0.003073817,0.008925166,0.0108031,0.014923186,0.020408135,0.027624002,0.021981117,0.017520462,0.027614774,0.02173886
284,71,0.026232733,0.013127767,0.026425872,0.029739197,0.03527373,0.037443244,0.033464792,0.029149383,0.030282245,0.011400308,,0.001701774,0.001132727,-0.001449324,0.014544543,0.012591062,0.031774157,0.019200421,0.014982596,0.030463622,0.022518192
285,71.25,0.021094509,0.026614152,0.030001915,0.027328257,0.032079058,0.040339435,0.030129401,0.023607983,0.029189139,0.018098711,,-0.013001092,0.008143767,0.008103138,0.022181363,0.016171628,0.022353174,0.025386222,0.0239822,0.019312898,0.019361858
286,71.5,0.015779932,0.023585854,0.019672974,0.028519125,0.032733234,0.045051592,0.037350066,0.021482518,0.018630409,0.019387415,,5.36702E-05,0.006840637,0.000601127,0.017890314,0.013240073,0.016495744,0.028195829,0.027242947,0.023813195,0.023041824
287,71.75,0.024653099,0.017631846,0.022796476,0.031767726,0.043467549,0.040893297,0.035118623,0.017237411,0.023515832,0.025214307,,0.000323043,0.007287969,0.01587763,0.014486695,0.015160247,0.029240493,0.032288403,0.017402227,0.023503797,0.026887414
288,72,0.025806223,0.012660044,0.017790899,0.036150336,0.050520611,0.040675324,0.03231344,0.019034758,0.021178809,0.020151126,,0.001711517,0.016860342,0.008158236,0.017356648,0.01096023,0.03563555,0.026908621,0.014537984,0.019333681,0.023994855
289,72.25,0.025766357,0.018865625,0.027818565,0.033027001,0.042523256,0.04272861,0.02603386,0.021415259,0.024415635,0.019605896,,0.003190599,0.007153893,0.010832467,0.021356347,0.01895073,0.030941806,0.026650842,0.016000722,0.022118147,0.023019358
290,72.5,0.022915047,0.01666617,0.026896018,0.031490492,0.047312801,0.034458326,0.03167824,0.02544183,0.018185717,0.018736957,,0.009653876,0.016488716,0.004938254,0.013565873,0.019976341,0.030216316,0.025445907,0.020911606,0.020670164,0.020783568
291,72.75,0.029628738,0.014234987,0.025347266,0.027803497,0.042354192,0.044166093,0.034088443,0.019062589,0.020901998,0.013933565,,0.003674289,-0.001266905,0.005564075,0.013194386,0.0208916,0.028785482,0.01461094,0.013625667,0.016273528,0.011786119
292,73,0.020971175,0.008986812,0.026894626,0.034209084,0.037107953,0.043758534,0.028313663,0.021230535,0.012300686,0.011782569,,-0.001438863,0.003547436,0.003677528,0.015880689,0.021191389,0.025575128,0.018114429,0.016900864,0.021433097,0.021275848
293,73.25,0.024867634,0.017408469,0.024715227,0.033422863,0.035299276,0.04126154,0.037353229,0.019807834,0.023194397,0.01448653,,0.001729612,0.012874154,0.014180269,0.012148452,0.021254453,0.020439875,0.018342662,0.014099537,0.025082756,0.012670906
294,73.5,0.025467296,0.016830444,0.021261748,0.030580301,0.027005587,0.039652772,0.041746191,0.02682108,0.024319403,0.018411346,,0.007755775,0.008707525,0.011449176,0.007934591,0.013225302,0.018413047,0.02250188,0.01686558,0.030300976,0.015713284
295,73.75,0.0236013,0.02110904,0.015182418,0.030343296,0.033111462,0.029499932,0.04043398,0.026852063,0.028376276,0.021354402,,-0.002804122,0.000727462,0.013561518,0.009877028,0.00520906,0.023725377,0.018631058,0.024158486,0.015745904,0.01139811
296,74,0.024959136,0.016945692,0.018733217,0.032467174,0.030581403,0.037079545,0.030568815,0.028693236,0.025064113,0.009620481,,-0.000554883,0.009790161,0.012456568,0.01700022,0.01095637,0.021666569,0.013806394,0.017788615,0.021982131,0.017314552
297,74.25,0.032091867,0.022006301,0.019007395,0.034136657,0.029516572,0.0351895,0.023952086,0.027446853,0.027591345,0.01187913,,0.000445763,0.004734703,0.016724688,0.008203046,0.011572039,0.024489621,0.01718757,0.015853557,0.017258948,0.012553657
298,74.5,0.025509612,0.022952659,0.014830667,0.027636684,0.034918032,0.034364862,0.019180843,0.021700979,0.025122694,0.013175422,,0.006137551,0.012438767,0.006978254,0.008049119,0.022052378,0.016195955,0.024263743,0.010830827,0.027352781,0.021337381
299,74.75,0.027595615,0.016256026,0.012133464,0.032223092,0.035077598,0.032101863,0.025300163,0.017007345,0.029679186,0.012874106,,0.005064667,0.00034367,0.000728666,0.007452415,0.019603491,0.020473598,0.02421865,0.010900299,0.015913969,0.020810957
300,75,0.017957425,0.015230017,0.01917364,0.031557067,0.033256922,0.043946383,0.03229174,0.020528328,0.027407708,0.014360694,,0.016923437,0.006275108,0.012934778,0.011002478,0.02219506,0.030435239,0.021554371,0.013784339,0.030355167,0.021003399
301,75.25,0.019319939,0.016714027,0.024428485,0.029409758,0.031713985,0.038973107,0.03394504,0.028061966,0.021625306,0.018977592,,0.007234247,0.003078739,0.01089812,0.014596626,0.016209369,0.031998373,0.01754748,0.014431757,0.01371052,0.019249704
302,75.5,0.021619789,0.01549957,0.02295798,0.02864227,0.040254574,0.036358248,0.032865538,0.029223644,0.029281216,0.026035911,,-0.002522242,0.009700275,0.010984891,0.006642923,0.019722682,0.020016997,0.024273324,0.024329356,0.019523601,0.013094355
303,75.75,0.017414988,0.011634574,0.027558822,0.024040302,0.036254661,0.030518344,0.029956033,0.030705253,0.021492794,0.020542581,,0.008711996,0.012869324,0.004939214,0.007026698,0.014724848,0.019197022,0.022782045,0.019913673,0.023664698,0.015985818
304,76,0.02016523,0.030632743,0.0203593,0.021852062,0.035646304,0.036678888,0.027931786,0.015876181,0.025007472,0.017339602,,0.001070025,0.003731827,0.00621074,0.010952142,0.021006693,0.017900241,0.018331008,0.019215886,0.017254536,0.012847975
305,76.25,0.017971115,0.021411225,0.018728602,0.018252756,0.035250046,0.03932244,0.042387067,0.018817912,0.028700064,0.017483173,,0.002574072,0.004888449,0.000505542,0.007701744,0.021171418,0.028337578,0.013706057,0.020191866,0.021271538,0.014488789
306,76.5,0.017170036,0.024353938,0.01477661,0.025406153,0.024807839,0.036821255,0.03103882,0.022061418,0.025333365,0.012293194,,0.005001612,0.009067179,0.003032377,0.016030277,0.021848464,0.0287522,0.017304743,0.010480075,0.019616174,0.021908429
307,76.75,0.014294434,0.017552177,0.018866839,0.020757007,0.025583793,0.036045424,0.03152791,0.019881596,0.021332091,0.012685758,,0.008959617,0.003089836,0.007716208,0.019596318,0.011735077,0.023048646,0.012665179,0.007505432,0.020120218,0.012971512
308,77,0.010442799,0.019404433,0.020036282,0.02335515,0.030343482,0.030768007,0.024351378,0.015468623,0.025930938,0.025768998,,0.009102737,0.012019196,0.007020976,0.01620679,0.01474473,0.025146223,0.018370275,0.006821689,0.021797387,0.014797936
309,77.25,0.017529567,0.02445538,0.022886247,0.023600484,0.03221754,0.029526615,0.021059883,0.028405518,0.006859809,0.019094039,,0.000694098,0.003265712,0.003358136,0.012786847,0.015552812,0.014203696,0.012179749,0.022534895,0.02229175,0.012176102
310,77.5,0.008932138,0.018684768,0.029582919,0.022472901,0.032845502,0.037093907,0.023772746,0.027819256,0.027095884,0.017634593,,0.008187616,0.001710529,0.008354406,0.009855037,0.017755272,0.028820101,0.018728674,0.013021004,0.013605828,0.016074846
311,77.75,0.007202905,0.022092245,0.022306471,0.025960759,0.026615017,0.040915053,0.030657459,0.02409259,0.021565595,0.014071737,,0.018832526,0.008559048,0.009378315,0.015721687,0.0181878,0.021818662,0.016529012,0.017628291,0.015126306,0.011670061
312,78,0.008897323,0.011760039,0.025654669,0.023436053,0.024897216,0.037217533,0.023742157,0.02275328,0.038394358,0.012583981,,0.002139918,0.010037747,0.000411566,0.007439526,0.015809354,0.023901062,0.024328808,0.0181975,0.009178889,0.017026165
313,78.25,0.019876712,0.01167791,0.018459072,0.026044725,0.029423241,0.040504542,0.026027221,0.022648603,0.023752259,0.015440541,,0.006446899,0.01503052,0.001630957,0.01333579,0.02074555,0.019094548,0.019871032,0.019229455,0.019798195,0.006845841
314,78.5,0.024427933,0.023708592,0.021956087,0.030274965,0.033670417,0.040105509,0.027661105,0.02324262,0.026016376,0.02510209,,0.008471967,0.000876094,0.005856531,0.00785671,0.026470168,0.027961433,0.012821096,0.012225992,0.017680063,0.016977686
315,78.75,0.019620038,0.020937976,0.020297106,0.020041741,0.036208886,0.036994839,0.035769496,0.01852355,0.018489982,0.011806711,,0.009126586,0.000544267,0.008925149,0.004540527,0.015178912,0.020783352,0.011826691,0.016138729,0.01765545,0.007055621
316,79,0.020619607,0.024841103,0.018387223,0.027627487,0.031586159,0.028858975,0.027827902,0.014982627,0.019461906,0.01560879,,0.008137566,-0.004817237,0.00766425,0.008500552,0.010345712,0.024046171,0.017894058,0.009796557,0.017054458,0.01745826
317,79.25,0.012379767,0.025558306,0.025083342,0.026120063,0.0290042,0.035450539,0.035760399,0.013881161,0.009350584,0.005048531,,0.00105519,-0.000142977,0.006652612,0.005675573,0.008440247,0.014945409,0.025798015,0.026665068,0.019330426,0.01009547
318,79.5,0.009640541,0.021740275,0.026776641,0.034275294,0.035255614,0.030207283,0.034002488,0.021164026,0.021770911,0.011280505,,0.000333188,-0.000127986,0.006181892,0.007569532,0.014471375,0.019647712,0.031371675,0.013001333,0.015004841,0.013777807
319,79.75,0.009073358,0.012998442,0.011623839,0.027549803,0.029803043,0.029676954,0.035907195,0.016299927,0.021935743,0.019375356,,0.006496839,0.005216312,0.002036292,0.011279996,0.020547981,0.023452283,0.02241907,0.018320009,0.013987818,0.002747382
320,80,0.015296425,0.015535729,0.01240069,0.022870418,0.03322707,0.026338162,0.023217412,0.024947702,0.021653424,0.019486219,,0.002261729,0.006240437,0.008432723,0.013703198,0.026805584,0.023114596,0.023604691,0.020071364,0.016536425,0.016403991
321,80.25,0.010358295,0.01699589,0.021435902,0.01779421,0.030695942,0.028026432,0.028849656,0.022376201,0.026606788,0.01908833,,0.007101866,-0.0014093,0.008699876,0.012153962,0.018673633,0.031959228,0.02069058,0.013744657,0.013613198,0.013681623
322,80.5,0.015318081,0.008642708,0.016878665,0.024804803,0.031323962,0.023148007,0.030264263,0.017424355,0.018717122,0.01794365,,0.006950122,0.002435831,0.008208424,0.005470919,0.016218808,0.026883265,0.015799455,0.013155121,0.020956162,0.017884225
323,80.75,0.012334088,0.01707339,0.027391104,0.024602898,0.033359341,0.030443892,0.031864431,0.006605014,0.022632439,0.027876505,,0.002306175,0.008054774,0.006527256,0.013533934,0.018530067,0.028864172,0.031822463,0.015615613,0.02813108,0.007492671
324,81,0.012038521,0.011201443,0.016515994,0.024907721,0.033420696,0.028382461,0.023065484,0.019122236,0.02778396,0.015464316,,0.008793109,0.007066518,0.009563518,0.012661564,0.015170528,0.023787056,0.009038833,0.007702963,0.019258505,0.020611732
325,81.25,0.009677986,0.011476012,0.01573819,0.018627422,0.034250465,0.032962665,0.027587445,0.009768742,0.016286271,0.015563569,,0.006639359,-0.000188284,0.00997537,0.013784712,0.020865094,0.022484345,0.014879872,0.009775371,0.014121699,0.012459149
326,81.5,0.004589898,0.014904233,0.018549852,0.017021718,0.031731283,0.036253584,0.023310143,0.024882104,0.015865794,0.002513035,,-0.0049318,0.008148456,0.008405889,0.008629613,0.014549178,0.026500741,0.016417429,0.013185138,0.026462431,0.018545818
327,81.75,0.007777697,0.014684652,0.015301752,0.016903961,0.043109535,0.031925954,0.028783074,0.019040522,0.016616953,0.017196562,,-0.003865255,0.006396262,0.008360199,0.014068285,0.021142234,0.019623525,0.022910872,0.000249779,0.015512647,0.011833704
328,82,0.020295819,0.010784178,0.01575548,0.018451239,0.029923909,0.024612764,0.029679752,0.030182451,0.021314269,0.009752497,,-0.000230933,-0.001557742,0.007932619,0.012785203,0.01172893,0.019624302,0.019557152,0.015932076,0.019872234,0.015544032
329,82.25,0.023296234,0.013937034,0.019035174,0.010344717,0.035077217,0.026895297,0.016310479,0.018562783,0.028793118,0.019505696,,0.000166503,-0.005743779,0.009395459,0.006810172,0.013027413,0.031154727,0.020869639,0.012246522,0.011879481,0.008927339
330,82.5,0.020073022,0.008755277,0.014813598,0.029478776,0.039397158,0.03026412,0.032220244,0.018117453,0.021939604,0.016381398,,-0.00717109,-0.003527752,0.016715056,0.013452652,0.006174421,0.021530479,0.024920426,0.015286011,0.010177097,0.007175149
331,82.75,0.013727951,0.008696765,0.022087326,0.02347659,0.029186729,0.022852298,0.028379083,0.019951832,0.016626789,0.014832148,,0.00495182,0.009350236,0.010752062,0.011683654,0.006399492,0.024095286,0.020677073,0.011627321,0.007895044,0.011737986
332,83,0.01875457,0.012828991,0.010857245,0.01198357,0.02406663,0.030638449,0.033689511,0.014395572,0.013551453,0.020824087,,0.009674493,0.007734865,0.003610307,0.003418275,0.014296929,0.023435104,0.014392155,0.013000089,0.015376092,0.015776074
333,83.25,0.024941101,0.022083928,0.021402885,0.018378153,0.035311574,0.028272712,0.020270688,0.021599219,0.020821845,0.018010809,,0.004329579,0.003977217,0.009281331,0.010529959,0.010112655,0.02188731,0.015811039,0.006132835,0.010797999,0.016416886
334,83.5,0.016998445,0.015852958,0.020339103,0.019116968,0.03454927,0.033785139,0.031468855,0.021202424,0.025244936,0.019128234,,0.007713756,0.007045338,0.008070978,0.014197683,0.01205624,0.026572538,0.032250942,0.017282435,0.021897344,0.014432814
335,83.75,0.012593321,0.005230655,0.019654231,0.02558546,0.035531354,0.025783568,0.031370848,0.019493057,0.023943549,0.021253686,,0.005554717,0.00504797,0.007297591,0.008313034,0.018107588,0.018655211,0.022984343,0.011198505,0.024136022,0.006439839
336,84,0.013930563,0.010313861,0.012490165,0.020089682,0.023579649,0.031089648,0.019312123,0.024742833,0.018604605,0.018252391,,-0.004805948,0.004370982,0.007736799,0.015083587,0.013038499,0.019378273,0.021446444,0.014976198,0.01749003,0.013198401
337,84.25,0.005254497,0.018017994,0.019800552,0.027760049,0.020928911,0.02381525,0.0271788,0.017385153,0.021748638,0.017401522,,0.00428798,0.006372731,0.012041374,0.007001431,0.013230825,0.023747441,0.019504086,0.014440701,0.026731618,0.005608917
338,84.5,0.012416494,0.028475026,0.01135635,0.018085021,0.032678918,0.024463173,0.030883538,0.016976475,0.012058568,0.013884583,,-0.005241514,0.00133993,0.009754933,0.012092051,0.025570013,0.026950296,0.017487579,0.001965748,0.008770832,0.015739672
339,84.75,0.009938688,0.016252703,0.009922391,0.017355975,0.023534027,0.022262987,0.018329632,0.012738536,0.020288383,0.020101012,,-0.001683832,0.00090357,0.004879145,0.012911864,0.01852586,0.024079139,0.020857054,0.016726693,0.016895376,0.016827014
340,85,0.015052692,0.012604649,0.00864114,0.022735303,0.030138774,0.019702316,0.019035824,0.015537199,0.016612362,0.015106263,,0.003234797,0.002273102,0.006022341,0.014665268,0.016264143,0.026784261,0.028433469,0.001455737,0.01160343,0.009817577
341,85.25,0.022332582,0.016302735,0.004198288,0.031096513,0.024936054,0.022453253,0.023640317,0.009063481,0.017093354,0.012961686,,0.002581877,0.012998011,0.003750143,0.010776561,0.018622486,0.024538842,0.017172956,0.011727388,0.020704754,0.009598315
342,85.5,0.026715139,0.014864407,0.011116747,0.02433354,0.024163567,0.026980402,0.027095932,0.019739912,0.022654276,0.025787215,,0.000738185,0.005831332,0.008933923,0.0047441,0.014468425,0.027707635,0.024486317,0.009085872,0.010014367,0.018250801
343,85.75,0.01919604,0.017284469,0.021190893,0.019713954,0.030217978,0.021640659,0.019524571,0.024432825,0.019548323,0.013351026,,-0.007803931,0.005801477,0.003009678,0.018222781,0.016844599,0.007061459,0.018771331,0.014343802,0.013106372,0.006803757
344,86,0.017957135,0.024300228,0.01995195,0.024960912,0.030982229,0.026909076,0.019232698,0.016110004,0.017410593,0.013125162,,-0.002639708,0.006416807,0.008790428,0.020007158,0.011170906,0.018275732,0.025093447,0.000910562,0.003098468,0.014713434
345,86.25,0.015370533,0.013983603,0.0168197,0.017203401,0.027724736,0.02477001,0.02142669,0.017194235,0.021327916,0.018327589,,0.006980276,-0.004302516,0.007660422,0.009306953,0.01278631,0.016808745,0.039118666,0.011048163,0.01678375,0.007406525
346,86.5,0.012291763,0.005557301,0.016903036,0.023010377,0.025579692,0.031088894,0.031833626,0.01475807,0.019607464,0.013498338,,0.003225109,-0.000183885,0.005887556,0.00651072,0.019499418,0.017622016,0.018307877,0.012425804,0.018305864,0.015310924
347,86.75,0.017691548,0.010277239,0.015230817,0.0203349,0.020552994,0.027345206,0.024765014,0.020890834,0.013876362,0.014467827,,0.000877567,-0.002368952,0.00196265,0.001996925,0.022259659,0.007434062,0.015213896,0.021153535,0.010233394,0.014033936
348,87,0.015923669,0.003166307,0.017991063,0.024716141,0.02008227,0.027898049,0.017339289,0.016642175,0.024262793,0.015047545,,-0.001628192,0.005642042,0.006146262,0.005144298,0.003273889,0.019162325,0.007738432,0.021440761,0.017384312,0.018124446
349,87.25,0.011927881,0.013562217,0.023186029,0.016286399,0.020541962,0.027244757,0.01970342,0.015149444,0.012774835,0.015619114,,-0.005040642,0.005078727,0.008332589,0.015110926,0.007745522,0.020803057,0.014725479,0.015754466,0.018858648,0.006260103
350,87.5,0.00677932,0.019071347,0.020205682,0.012944916,0.018666338,0.033871977,0.016626035,0.015084514,0.016188828,0.02093106,,-8.24401E-05,0.006596146,0.007319061,0.010943682,0.005494123,0.020898463,0.008513686,0.014799075,0.014083192,0.009469177
351,87.75,0.010094575,0.014882636,0.012196155,0.015907272,0.028356967,0.027722433,0.018572894,0.01999482,0.019713361,0.010343999,,-0.000294302,-0.004414223,0.000806881,0.012925334,0.008806941,0.014963821,0.024764845,0.008255539,0.019005893,0.009609037
352,88,0.016699805,0.007834107,0.013979052,0.019672166,0.025724418,0.026568848,0.019013582,0.015627799,0.024851318,0.014531954,,-0.003162468,-0.001248586,0.010411013,0.001081556,0.01498998,0.022406021,0.019657718,0.018149069,0.01474594,0.013481936
353,88.25,0.01178394,0.001559112,0.015537268,0.01970351,0.021526247,0.029546514,0.029373108,0.016538377,0.02375049,0.017700048,,0.000806434,-0.000123417,0.011033571,0.00536912,0.012619315,0.01808749,0.018584994,0.027513307,0.021867908,0.014728807
354,88.5,0.0031884,0.006930934,0.022535863,0.018850978,0.020414929,0.03591333,0.02511531,0.013555028,0.017809207,0.022765519,,0.007133921,0.007637568,0.006305827,0.009585379,0.004361002,0.010614718,0.013999229,0.011010088,0.011197565,0.013461359
355,88.75,0.002223693,0.014042921,0.012851446,0.017330849,0.016585247,0.020717171,0.024743609,0.030814826,0.022434242,0.018985295,,0.003888768,0.012858013,0.014841477,0.012176305,0.012602672,0.010890615,0.019872701,0.005852087,0.024266281,0.015646757
356,89,0.003824231,0.009180204,0.012125819,0.016095988,0.020460993,0.02072466,0.020214062,0.018364425,0.010838438,0.02163441,,0.004658877,0.008694839,0.008154241,0.015671784,0.011952793,0.016040026,0.012769629,0.006641595,0.016109799,0.017554914
357,89.25,0.010776222,0.015727874,0.011123677,0.017479493,0.024226353,0.029332491,0.029036263,0.019061282,0.015335982,0.017468309,,-0.001121299,0.004146269,0.004127254,0.013278677,0.002209174,0.018487363,0.017462308,0.007882789,0.016395421,0.016068269
358,89.5,0.010421231,0.00231225,0.007353842,0.014259027,0.022291937,0.022796498,0.021461729,0.01148278,0.004997453,0.012159395,,-0.002247268,-0.004696984,0.009204094,0.011304468,0.014388813,0.022894526,0.024373853,0.010477431,0.012878944,0.012872143
359,89.75,0.016715111,0.014309827,0.015713984,0.021746305,0.020913199,0.021616087,0.032696948,0.008155376,0.003695384,0.011908681,,0.005389989,0.000935733,-0.000692189,0.004208245,0.007260156,0.016353628,0.01509422,0.015094442,0.01825671,0.0132404
360,90,0.010513833,0.013327886,0.01360573,0.012790988,0.021393964,0.02437914,0.018884841,0.011936211,0.014636696,0.013823201,,0.006611534,-0.005647919,0.003007001,0.00887588,0.006527869,0.021703278,0.02112537,0.00750115,0.011638552,0.008064983
361,90.25,0.009768846,0.006816729,0.017350514,0.019347854,0.025241165,0.023038081,0.021221143,0.011341548,0.020228147,0.008141044,,0.006117587,0.00482239,0.007460391,0.011728655,0.012531828,0.014626798,0.018633382,0.019311114,0.013697876,0.005752883
362,90.5,0.008696938,0.003540062,0.013051603,0.015810475,0.022871401,0.015291289,0.020619246,0.003147595,0.016195369,0.006260511,,0.005341524,-0.001354378,0.007741945,0.008966139,0.016048617,0.013500007,0.019491987,0.006575593,0.009676792,0.012124208
363,90.75,0.010434775,0.015761212,0.005592749,0.018031171,0.015365698,0.020604523,0.026941934,0.014077828,0.014884675,0.013101127,,0.005239138,-0.001185839,0.010241335,0.010632474,0.009102953,0.020238919,0.021769666,0.006173263,0.013531316,0.014156975
364,91,0.007111829,0.008596673,0.01826646,0.015549713,0.021255364,0.025371153,0.019849647,0.008295955,0.01279549,0.007534719,,0.003328918,0.005108771,0.001145327,0.017859598,0.017326616,0.01611145,0.021168628,0.009232583,0.012146004,0.005709435
365,91.25,0.011302963,0.005679411,0.021935404,0.023083933,0.021616554,0.029655325,0.013153488,0.009439211,0.013015712,0.015081547,,-0.00589687,0.004860401,0.002824911,0.009266534,0.012718262,0.021564507,0.018524489,0.011481864,0.015976124,-0.000468093
366,91.5,0.019906544,0.003042547,0.012455142,0.015468171,0.02419311,0.013261564,0.013023071,0.004211961,0.012713861,0.012650262,,-0.000167212,0.008267219,0.006923315,0.015304452,0.008753265,0.022131191,0.022422246,0.010461942,0.013179304,0.003852548
367,91.75,0.016296706,0.006554603,0.013572927,0.017114323,0.016991502,0.010920402,0.024136244,0.014492022,0.008039352,0.011770506,,0.003692215,0.006053788,0.011077397,0.007703118,0.017135536,0.022013376,0.022717178,0.015095041,0.015431906,0.008595954
368,92,0.008940064,0.005696726,0.024871838,0.018650539,0.016660734,0.024577821,0.022529082,0.021925629,0.00780427,0.017325429,,0.002283413,-0.005069255,0.001849674,0.00734766,0.009135594,0.025445129,0.027934822,0.013241009,0.014885697,0.012472042
369,92.25,0.011468476,0.009399647,0.011266978,0.019330569,0.019610343,0.023356086,0.02295756,0.015969755,0.009605069,0.005572536,,-0.001351877,0.007631809,0.003747591,0.017743924,0.006992525,0.010067219,0.02055626,0.01087952,0.010287771,0.012512525
370,92.5,-0.00014444,0.008668141,0.015646428,0.013106653,0.018446656,0.025736884,0.022953419,0.015820444,0.010066317,0.009974877,,-0.000525766,0.010776177,0.005647641,0.01256084,0.009955896,0.011194075,0.012718176,0.005883538,0.013020185,0.011897822
371,92.75,0.012224578,0.003603659,0.01596606,0.008776547,0.021885303,0.021147673,0.027146585,0.021071097,0.014692614,0.013314677,,0.003368201,-0.002449608,0.007376305,0.011389849,0.012420484,0.024028979,0.020329802,0.012134304,0.010513154,0.009701269
372,93,0.008122427,0.005512713,0.009299472,0.014076625,0.011581591,0.028448533,0.024644796,0.012920112,0.016798706,0.018893581,,0.003129719,0.012046084,0.002724439,0.011545707,0.010398688,0.0242052,0.015588562,0.014086952,0.009380473,0.007035307
373,93.25,0.007405234,0.017002552,0.016057844,0.015975701,0.02014314,0.026136116,0.016975347,0.019582621,0.01433624,0.010540982,,0.005741877,0.008382915,-0.007356426,0.009739311,0.006325384,0.021600049,0.023543012,0.012745106,0.017413959,0.004140536
374,93.5,0.009363076,0.015032681,0.013056734,0.012942866,0.025588641,0.028284627,0.016712203,0.016557285,0.019681298,-0.002620215,,0.002647889,0.009040199,-7.45026E-05,0.009245796,0.004960348,0.016965848,0.018849451,0.009488043,0.020480928,0.012458967
375,93.75,0.002656366,0.007733562,0.013957984,0.011838001,0.019506924,0.016228866,0.023476502,0.021874434,0.012393035,0.01307935,,0.000103616,0.003948642,0.001767427,0.0152227,0.003962818,0.01410037,0.021047365,0.000484732,0.014492277,0.009971746
376,94,0.012765553,0.006435652,0.01491711,0.01366676,0.02352412,0.020300864,0.03057731,0.009627013,0.006906345,0.017801791,,0.004798585,0.001935455,0.003836017,0.009551479,0.006739395,0.017061372,0.014713076,0.01313431,0.005609297,0.013368108
377,94.25,0.004530956,0.006168536,0.013759604,0.014375839,0.022051905,0.01429826,0.019469461,0.013736624,0.014175615,0.015360488,,0.002234842,0.009327101,0.004481787,0.011350323,0.008529674,0.021095303,0.020973371,0.013952227,0.012147762,0.017422434
378,94.5,0.004236935,0.002128796,0.012493179,0.011585214,0.024358132,0.024650849,0.018608748,0.008357196,0.012664697,0.014214734,,-0.001381223,-0.006046946,0.002303946,0.003913213,0.003677936,0.015138781,0.014487657,0.007556819,0.009684653,0.006730372
379,94.75,0.007409427,0.002255205,0.011196311,0.007687274,0.021853501,0.014254408,0.006501246,0.010757538,0.016735449,0.005602924,,0.005973826,0.006647623,-0.001887956,0.006473752,0.009164245,0.02283038,0.007920116,0.015252707,0.012241464,0.004891463
380,95,0.007636266,0.006961384,0.006127161,0.007997662,0.01785104,0.01343105,0.022685324,0.005669563,0.01440218,0.010406457,,-0.000357947,0.00673428,-0.001672846,0.002633377,0.004735506,0.022847946,0.009455991,0.015761702,0.008935744,0.008961499
